name,gender,sport,event,year,city,gold,silver,bronze
Norman Gilbert,M,Athletics,"Men's 200 metres hurdles,Men's 200 metres",1900,Paris,0.0,2.0,0.0
Dinkarrao Shinde,M,Wrestling,Featherweight,1920,Belgium,0.0,0.0,0.0
Kumar Navale,M,Wrestling,Middleweight,1920,Belgium,0.0,0.0,0.0
Purma Bannerjee,M,Athletics,"Men's 100 meters,Men's 400 meters",1920,Belgium,0.0,0.0,0.0
Phadeppa Chaugule,M,Athletics,"Men's 10000 meters,Marathon",1920,Belgium,0.0,0.0,0.0
Sadashiv Datar,M,Athletics,Marathon,1920,Belgium,0.0,0.0,0.0
Athar Fyzee,M,Tennis,Singles,1924,Paris,0.0,0.0,0.0
Syed Mohammad Hadi,M,Tennis,"Singles,Doubles",1924,Paris,0.0,0.0,0.0
Sydney Jacob,M,Tennis,"Singles,Doubles",1924,Paris,0.0,0.0,0.0
Mohammed Sleem,M,Tennis,"Singles,Doubles",1924,Paris,0.0,0.0,0.0
Donald Rutnam,M,Tennis,Doubles,1924,Paris,0.0,0.0,0.0
Nora Polley,W,Tennis,"Singles,Doubles",1924,Paris,0.0,0.0,0.0
James Hall,M,Athletics,"Men's 100 meters,Men's 200 meters",1924,Paris,0.0,0.0,0.0
Wilfred Hildreth,M,Athletics,"Men's 100 meters,Men's 200 meters",1924,Paris,0.0,0.0,0.0
C. K. Lakshmanan,M,Athletics,Men's 110 meters Hurdles,1924,Paris,0.0,0.0,0.0
Terence Pitt,M,Athletics,"Men's 100 meters,Men's 200 meters,Men's 400 meters",1924,Paris,0.0,0.0,0.0
Dalip Singh,M,Athletics,Long jump,1924,Paris,0.0,0.0,0.0
Mahadeo Singh,M,Athletics,Marathon,1924,Paris,0.0,0.0,0.0
Pala Singh,M,Athletics,"Men's 1500 meters,Men's 5000 meters,Men's 10000 meters",1924,Paris,0.0,0.0,0.0
Richard Allen,M,Hockey, men's field hockey,1928,Amsterdam,0.0,0.0,0.0
Dhyan Chand,M,Hockey, men's field hockey,1928,Amsterdam,0.0,0.0,0.0
Michael Gateley,M,Hockey, men's field hockey,1928,Amsterdam,0.0,0.0,0.0
William Goodsir-Cullen,M,Hockey, men's field hockey,1928,Amsterdam,0.0,0.0,0.0
Leslie Hammond,M,Hockey, men's field hockey,1928,Amsterdam,0.0,0.0,0.0
Feroze Khan,M,Hockey, men's field hockey,1928,Amsterdam,0.0,0.0,0.0
George Marthins,M,Hockey, men's field hockey,1928,Amsterdam,0.0,0.0,0.0
Rex Norris,M,Hockey, men's field hockey,1928,Amsterdam,0.0,0.0,0.0
Broome Pinniger,M,Hockey, men's field hockey,1928,Amsterdam,0.0,0.0,0.0
Michael Rocque,M,Hockey, men's field hockey,1928,Amsterdam,0.0,0.0,0.0
Frederic Seaman,M,Hockey, men's field hockey,1928,Amsterdam,0.0,0.0,0.0
Ali Shaukat,M,Hockey, men's field hockey,1928,Amsterdam,0.0,0.0,0.0
Jaipal Singh,M,Hockey, men's field hockey,1928,Amsterdam,1.0,0.0,0.0
Kher Singh Gill,M,Hockey, men's field hockey,1928,Amsterdam,0.0,0.0,0.0
Sayed Yusuf,M,Hockey, men's field hockey,1928,Amsterdam,0.0,0.0,0.0
Dalip Singh,M,Athletics,Long jump,1928,Amsterdam,0.0,0.0,0.0
James Hall,M,Athletics,Men's 200 metres,1928,Amsterdam,0.0,0.0,0.0
J. Murphy,M,Athletics,Men's 800 metres,1928,Amsterdam,0.0,0.0,0.0
Gurbachan Singh,M,Athletics,Men's 5000 meters,1928,Amsterdam,0.0,0.0,0.0
Chavan Singh,M,Athletics,Men's 10000 meters,1928,Amsterdam,0.0,0.0,0.0
S. Abdul Hamid,M,Athletics,Men's 110 meters Hurdles,1928,Amsterdam,0.0,0.0,0.0
Ronald Burns,M,Athletics,"Men's 100 meters,Men's 200 meters",1928,Amsterdam,0.0,0.0,0.0
Richard Allen,M,Hockey,men's field hockey,1932,Los Angeles,0.0,0.0,0.0
Muhammad Aslam,M,Hockey,men's field hockey,1932,Los Angeles,0.0,0.0,0.0
Lal Bokhari,M,Hockey,men's field hockey,1932,Los Angeles,1.0,0.0,0.0
Frank Brewin,M,Hockey,men's field hockey,1932,Los Angeles,0.0,0.0,0.0
Richard Carr,M,Hockey,men's field hockey,1932,Los Angeles,0.0,0.0,0.0
Dhyan Chand,M,Hockey,men's field hockey,1932,Los Angeles,0.0,0.0,0.0
Leslie Hammond,M,Hockey,men's field hockey,1932,Los Angeles,0.0,0.0,0.0
Arthur Hind,M,Hockey,men's field hockey,1932,Los Angeles,0.0,0.0,0.0
Sayed Jaffar,M,Hockey,men's field hockey,1932,Los Angeles,0.0,0.0,0.0
Masud Minhas,M,Hockey,men's field hockey,1932,Los Angeles,0.0,0.0,0.0
Broome Pinniger,M,Hockey,men's field hockey,1932,Los Angeles,0.0,0.0,0.0
Gurmit Singh Kullar,M,Hockey,men's field hockey,1932,Los Angeles,0.0,0.0,0.0
Roop Singh,M,Hockey,men's field hockey,1932,Los Angeles,0.0,0.0,0.0
William Sullivan,M,Hockey,men's field hockey,1932,Los Angeles,0.0,0.0,0.0
Carlyle Tapsell,M,Hockey,men's field hockey,1932,Los Angeles,0.0,0.0,0.0
Bunno Sutton,M,Athletics,Men's 100 meters,1932,Los Angeles,0.0,0.0,0.0
Ronald Vernieux,M,Athletics,"Men's 100 meters,Men's 110 meters hurdles",1932,Los Angeles,0.0,0.0,0.0
Mehar Chand Dhawan,M,Athletics,Triple Jump,1932,Los Angeles,0.0,0.0,0.0
Dickie Carr,M,Athletics,Men's 100 meters,1932,Los Angeles,0.0,0.0,0.0
Nalin Malik,M,Aquatics,Freestyle,1932,Los Angeles,0.0,0.0,0.0
Shankarrao Thorat,M,Wrestling,Men's Freestyle Wrestling,1936,Berlin,0.0,0.0,0.0
Rashid Anwar,M,Wrestling,Men's Freestyle Wrestling,1936,Berlin,0.0,0.0,0.0
Karam Rasul,M,Wrestling,Men's Freestyle Wrestling,1936,Berlin,0.0,0.0,0.0
Zaw Weik,M,Weightlifting,Men's 75kg,1936,Berlin,0.0,0.0,0.0
Richard Allen,M,Hockey,men's field hockey,1936,Berlin,0.0,0.0,0.0
Dhyan Chand,M,Hockey,men's field hockey,1936,Berlin,0.0,0.0,0.0
Earnest Cullen,M,Hockey,men's field hockey,1936,Berlin,0.0,0.0,0.0
Ali Dara,M,Hockey,men's field hockey,1936,Berlin,0.0,0.0,0.0
Lionel Emmett,M,Hockey,men's field hockey,1936,Berlin,0.0,0.0,0.0
Peter Fernandes,M,Hockey,men's field hockey,1936,Berlin,1.0,0.0,0.0
Joseph Galibardy,M,Hockey,men's field hockey,1936,Berlin,0.0,0.0,0.0
Mohomed Hussain,M,Hockey,men's field hockey,1936,Berlin,0.0,0.0,0.0
Mohammed Jaffar,M,Hockey,men's field hockey,1936,Berlin,0.0,0.0,0.0
Ahmed Sher Khan,M,Hockey,men's field hockey,1936,Berlin,0.0,0.0,0.0
Ahsan Mohomed Khan,M,Hockey,men's field hockey,1936,Berlin,0.0,0.0,0.0
Mirza Masood,M,Hockey,men's field hockey,1936,Berlin,0.0,0.0,0.0
Cyril Michie,M,Hockey,men's field hockey,1936,Berlin,0.0,0.0,0.0
Baboo Nimal,M,Hockey,men's field hockey,1936,Berlin,0.0,0.0,0.0
Joseph Phillip,M,Hockey,men's field hockey,1936,Berlin,0.0,0.0,0.0
Shabban Shahab Ud-Din,M,Hockey,men's field hockey,1936,Berlin,0.0,0.0,0.0
G.S. Garewal,M,Hockey,men's field hockey,1936,Berlin,0.0,0.0,0.0
Roop Singh,M,Hockey,men's field hockey,1936,Berlin,0.0,0.0,0.0
Carlyle Tapsell,M,Hockey,men's field hockey,1936,Berlin,0.0,0.0,0.0
Eric Whiteside,M,Athletics,"Men's 100 meters,Men's 200 meters",1936,Berlin,0.0,0.0,0.0
C.S.A.Swami,M,Athletics,Marathon,1936,Berlin,0.0,0.0,0.0
Ghyan Bhalla,M,Athletics,Men's 400 meters,1936,Berlin,0.0,0.0,0.0
Raunaq Singh Gill,M,Athletics,Men's 5000 meters,1936,Berlin,0.0,0.0,0.0
K. D. Jadhav,M,Wrestling,Men's Under 52KG Freestyle,1948,London,0.0,0.0,0.0
Nirmal Bose,M,Wrestling,Men's Under 57KG Freestyle,1948,London,0.0,0.0,0.0
S. Suryavanshi,M,Wrestling,Men's Under 62KG Freestyle,1948,London,0.0,0.0,0.0
Banta Singh,M,Wrestling,Men's Under 67KG Freestyle,1948,London,0.0,0.0,0.0
A. Bhargava,M,Wrestling,Men's Under 73KG Freestyle,1948,London,0.0,0.0,0.0
K. Roy,M,Wrestling,Men's Under 79KG Freestyle,1948,London,0.0,0.0,0.0
Leslie Claudius,M,Water Polo,Men's Team,1948,London,0.0,0.0,0.0
Gora Seal,M,Water Polo,Men's Team,1948,London,0.0,0.0,0.0
Samarendra Chatterjee,M,Water Polo,Men's Team,1948,London,0.0,0.0,0.0
Ajoy Chatterjee,M,Water Polo,Men's Team,1948,London,0.0,0.0,0.0
Suhas Chatterjee,M,Water Polo,Men's Team,1948,London,0.0,0.0,0.0
Dwarkadas Mukharji,M,Water Polo,Men's Team,1948,London,0.0,0.0,0.0
Durga Das,M,Water Polo,Men's Team,1948,London,0.0,0.0,0.0
Jamini Dass,M,Water Polo,Men's Team,1948,London,0.0,0.0,0.0
Sachin Nag,M,Water Polo,Men's Team,1948,London,0.0,0.0,0.0
Isaac Monsoor,M,Water Polo,Men's Team,1948,London,0.0,0.0,0.0
Jahan Ahir,M,Water Polo,Men's Team,1948,London,0.0,0.0,0.0
Sachin Nag,M,Swimming,Men's 100M Freestyle,1948,London,0.0,0.0,0.0
Isaac Monsoor,M,Swimming,Men's 100M Freestyle,1948,London,0.0,0.0,0.0
Dilip Mitra,M,Swimming,Men's 100M Freestyle,1948,London,0.0,0.0,0.0
Bimal Chandra,M,Swimming,"Men's 400M Freestyle,Men's 1500M Freestyle",1948,London,0.0,0.0,0.0
Khamlillal Shah,M,Swimming,Men's 100M Backstroke,1948,London,0.0,0.0,0.0
Prahtip Mitra,M,Swimming,Men's 100M Backstroke,1948,London,0.0,0.0,0.0
Prafulla Mullick,M,Swimming,Men's 200M Breaststroke,1948,London,0.0,0.0,0.0
Leslie Claudius,M,Hockey,men's field hockey,1948,London,0.0,0.0,0.0
Keshav Dutt,M,Hockey,men's field hockey,1948,London,0.0,0.0,0.0
Walter D'Souza,M,Hockey,men's field hockey,1948,London,0.0,0.0,0.0
Lawrie Fernandes,M,Hockey,men's field hockey,1948,London,0.0,0.0,0.0
Ranganathan Francis,M,Hockey,men's field hockey,1948,London,0.0,0.0,0.0
Gerry Glackan,M,Hockey,men's field hockey,1948,London,0.0,0.0,0.0
Akhtar Hussain,M,Hockey,men's field hockey,1948,London,0.0,0.0,0.0
Patrick Jansen,M,Hockey,men's field hockey,1948,London,0.0,0.0,0.0
Amir Kumar,M,Hockey,men's field hockey,1948,London,0.0,0.0,0.0
Kishan Lal,M,Hockey,men's field hockey,1948,London,0.0,0.0,0.0
Leo Pinto,M,Hockey,men's field hockey,1948,London,0.0,0.0,0.0
Jaswant Singh Rajput,M,Hockey,men's field hockey,1948,London,1.0,0.0,0.0
Latif-Ur-Rehman,M,Hockey,men's field hockey,1948,London,0.0,0.0,0.0
Reginald Rodrigues,M,Hockey,men's field hockey,1948,London,0.0,0.0,0.0
Balbir Singh Sr.,M,Hockey,men's field hockey,1948,London,0.0,0.0,0.0
Randhir Singh Gentle,M,Hockey,men's field hockey,1948,London,0.0,0.0,0.0
Grahanandan Singh,M,Hockey,men's field hockey,1948,London,0.0,0.0,0.0
K. D. Singh,M,Hockey,men's field hockey,1948,London,0.0,0.0,0.0
Trilochan Singh,M,Hockey,men's field hockey,1948,London,0.0,0.0,0.0
Maxie Vaz,M,Hockey,men's field hockey,1948,London,0.0,0.0,0.0
Talimeran A,M,Football,Men's Football,1948,London,0.0,0.0,0.0
A. Sattar Basheer,M,Football,Men's Football,1948,London,0.0,0.0,0.0
Robi Das,M,Football,Men's Football,1948,London,0.0,0.0,0.0
Ahmed Mohamed Khan,M,Football,Men's Football,1948,London,0.0,0.0,0.0
Saliendra Manna,M,Football,Men's Football,1948,London,0.0,0.0,0.0
Sahu Mewalal,M,Football,Men's Football,1948,London,0.0,0.0,0.0
Taj Mohammed,M,Football,Men's Football,1948,London,0.0,0.0,0.0
Mahabir Prasad,M,Football,Men's Football,1948,London,0.0,0.0,0.0
Balaram Parab Ramchandra,M,Football,Men's Football,1948,London,0.0,0.0,0.0
Sarangapani Raman,M,Football,Men's Football,1948,London,0.0,0.0,0.0
Kenchappa V. Varada Raj,M,Football,Men's Football,1948,London,0.0,0.0,0.0
K. P. Dhanraj,M,Football,Men's Football,1948,London,0.0,0.0,0.0
S. M. Kaiser,M,Football,Men's Football,1948,London,0.0,0.0,0.0
Anil Nandy,M,Football,Men's Football,1948,London,0.0,0.0,0.0
Santosh Nandy,M,Football,Men's Football,1948,London,0.0,0.0,0.0
"T. M. Varghese ""Papen""",M,Football,Men's Football,1948,London,0.0,0.0,0.0
Sanjeeva Uchil,M,Football,Men's Football,1948,London,0.0,0.0,0.0
B. N. Vajravelu,M,Football,Men's Football,1948,London,0.0,0.0,0.0
Malcolm Havladar,M,Cycling,Mens Cycling & Team Road Race,1948,London,0.0,0.0,0.0
Raj Kumar Mehra,M,Cycling,Mens Cycling & Team Road Race,1948,London,0.0,0.0,0.0
Eruch Mistry,M,Cycling,Mens Cycling & Team Road Race,1948,London,0.0,0.0,0.0
Homi Powri,M,Cycling,Mens Cycling & Team Road Race,1948,London,0.0,0.0,0.0
Rusi Mulla Feroze,M,Cycling,Mens Sprint,1948,London,0.0,0.0,0.0
Rohinton Noble,M,Cycling,Mens Time trial,1948,London,0.0,0.0,0.0
Adi Havewala,M,Cycling,Mens Team Pursuit,1948,London,0.0,0.0,0.0
Jehangoo Amin,M,Cycling,Mens Team Pursuit,1948,London,0.0,0.0,0.0
Rohinton Noble,M,Cycling,Mens Team Pursuit,1948,London,0.0,0.0,0.0
Piloo Sarkari,M,Cycling,Mens Team Pursuit,1948,London,0.0,0.0,0.0
Rabin Bhatta,M,Boxing,Flyweight,1948,London,0.0,0.0,0.0
Babu Lall,M,Boxing,Bantanweight,1948,London,0.0,0.0,0.0
Benoy Bose,M,Boxing,Featherweight,1948,London,0.0,0.0,0.0
Gene Raymond,M,Boxing,Lightweight,1948,London,0.0,0.0,0.0
Robert Cranston,M,Boxing,Welterweight,1948,London,0.0,0.0,0.0
John Nuttall,M,Boxing,Middleweight,1948,London,0.0,0.0,0.0
Mac Joachim,M,Boxing,Lightweight,1948,London,0.0,0.0,0.0
Eric Prabhakar,M,Athletics,Mens 100M,1948,London,0.0,0.0,0.0
Jim Vickers,M,Athletics,Mens 110M,1948,London,0.0,0.0,0.0
Sadhu Singh,M,Athletics,Mens 10KM Walk & 50KM Walk,1948,London,0.0,0.0,0.0
Chhota Singh,M,Athletics,Men's Marathon,1948,London,0.0,0.0,0.0
Gurnam Singh,M,Athletics,Men's High Jump,1948,London,0.0,0.0,0.0
Baldev Singh,M,Athletics,Men's Long Jump,1948,London,0.0,0.0,0.0
Henry Rebello,M,Athletics,Men's Triple Jump,1948,London,0.0,0.0,0.0
Nat Singh Somnath,M,Athletics,Men's Hammer Throw,1948,London,0.0,0.0,0.0
Niranjan Das,M,Wrestling,Men's Under 52KG Freestyle,1952,Helsinki,0.0,0.0,0.0
Keshav Mangave,M,Wrestling,Men's Under 62KG Freestyle,1952,Helsinki,0.0,0.0,0.0
Shirang Jadhav,M,Wrestling,Men's Under 87KG Freestyle,1952,Helsinki,0.0,0.0,0.0
Khashaba Jadhav,M,Wrestling,Men's Under 57KG Freestyle,1952,Helsinki,0.0,0.0,1.0
Daniel Pon Mony,M,Weightlifting,Men's Weightlifting,1952,Helsinki,0.0,0.0,0.0
Kamiineni Eshwara Rao,M,Weightlifting,Men's Weightlifting,1952,Helsinki,0.0,0.0,0.0
Birendra Basak,M,Water Polo,Men's Water Polo,1952,Helsinki,0.0,0.0,0.0
David Sopher,M,Water Polo,Men's Water Polo,1952,Helsinki,0.0,0.0,0.0
Kedar Shah,M,Water Polo,Men's Water Polo,1952,Helsinki,0.0,0.0,0.0
Sambhu Saha,M,Water Polo,Men's Water Polo,1952,Helsinki,0.0,0.0,0.0
Sachin Nag,M,Water Polo,Men's Water Polo,1952,Helsinki,0.0,0.0,0.0
Jehangir Naegamwalla,M,Water Polo,Men's Water Polo,1952,Helsinki,0.0,0.0,0.0
Ran Chandnani,M,Water Polo,Men's Water Polo,1952,Helsinki,0.0,0.0,0.0
Isaac Mansoor,M,Swimming,Men's Swimming,1952,Helsinki,0.0,0.0,0.0
Bijoy Barman,M,Swimming,Men's Swimming,1952,Helsinki,0.0,0.0,0.0
Khamlillal Shah,M,Swimming,Men's Swimming,1952,Helsinki,0.0,0.0,0.0
Dolly Nazir,W,Swimming,Womens Swimming,1952,Helsinki,0.0,0.0,0.0
Arati Saha,W,Swimming,Womens Swimming,1952,Helsinki,0.0,0.0,0.0
Harihar Banerjee,M,Shooting,"Men's 50M Rifle Three Positions, 50M Rifle Prone & 300M Rifle Three Positions",1952,Helsinki,0.0,0.0,0.0
Souren Choudhury,M,Shooting,Mens 50M Rifle Prone,1952,Helsinki,0.0,0.0,0.0
Kunwar Digvijai Singh,M,Hockey,men's field hockey,1952,Helsinki,1.0,0.0,0.0
Leslie Claudius,M,Hockey,men's field hockey,1952,Helsinki,0.0,0.0,0.0
Keshav Dutt,M,Hockey,men's field hockey,1952,Helsinki,0.0,0.0,0.0
Chinadorai Deshmutu,M,Hockey,men's field hockey,1952,Helsinki,0.0,0.0,0.0
Randhir Singh Gentle,M,Hockey,men's field hockey,1952,Helsinki,0.0,0.0,0.0
Grahanandan Singh,M,Hockey,men's field hockey,1952,Helsinki,0.0,0.0,0.0
Ranganandhan Francis,M,Hockey,men's field hockey,1952,Helsinki,0.0,0.0,0.0
Jaswant Singh Rajput,M,Hockey,men's field hockey,1952,Helsinki,0.0,0.0,0.0
Balbir Singh Sr,M,Hockey,men's field hockey,1952,Helsinki,0.0,0.0,0.0
Dharam Singh,M,Hockey,men's field hockey,1952,Helsinki,0.0,0.0,0.0
Govind Perumal,M,Hockey,men's field hockey,1952,Helsinki,0.0,0.0,0.0
Raghbir Lal,M,Hockey,men's field hockey,1952,Helsinki,0.0,0.0,0.0
Udham Singh,M,Hockey,men's field hockey,1952,Helsinki,0.0,0.0,0.0
Chaman Singh Gurung,M,Hockey,men's field hockey,1952,Helsinki,0.0,0.0,0.0
Muniswamy Rajgopal,M,Hockey,men's field hockey,1952,Helsinki,0.0,0.0,0.0
Vir Singh,M,Gymnastics,Men's Gymnastics,1952,Helsinki,0.0,0.0,0.0
Khusi Ram,M,Gymnastics,Men's Gymnastics,1952,Helsinki,0.0,0.0,0.0
Ahmed Mohamed Khan,M,Football,Men's Football,1952,Helsinki,0.0,0.0,0.0
Berland Anthony,M,Football,Men's Football,1952,Helsinki,0.0,0.0,0.0
Joseph Anthony,M,Football,Men's Football,1952,Helsinki,0.0,0.0,0.0
Sayed Khwaja Aziz-Ud-Din,M,Football,Men's Football,1952,Helsinki,0.0,0.0,0.0
Sheikh Abdul Latif,M,Football,Men's Football,1952,Helsinki,0.0,0.0,0.0
Sailendra Nath Manna,M,Football,Men's Football,1952,Helsinki,0.0,0.0,0.0
Sayed Moinuddin,M,Football,Men's Football,1952,Helsinki,0.0,0.0,0.0
Madar Abdus Sattar,M,Football,Men's Football,1952,Helsinki,0.0,0.0,0.0
Thulukhanam Shunmugham,M,Football,Men's Football,1952,Helsinki,0.0,0.0,0.0
Chandan Singh Rawat,M,Football,Men's Football,1952,Helsinki,0.0,0.0,0.0
Padanttom Venkatesh,M,Football,Men's Football,1952,Helsinki,0.0,0.0,0.0
Sahu Mewalal,M,Football,Men's Football,1952,Helsinki,0.0,0.0,0.0
Noor Mohammed,M,Football,Men's Football,1952,Helsinki,0.0,0.0,0.0
Subhash Sarbadhikari,M,Football,Men's Football,1952,Helsinki,0.0,0.0,0.0
Kenchappa V. Varada Raj,M,Football,Men's Football,1952,Helsinki,0.0,0.0,0.0
Raj Kumar Mehra,M,Cycling,Men's Individual Road Race,1952,Helsinki,0.0,0.0,0.0
Netai Bysack,M,Cycling,Men's Individual Road Race & Men's 1000M Sprint Scratch Race,1952,Helsinki,0.0,0.0,0.0
Pradip Bode,M,Cycling,Men's Individual Road Race,1952,Helsinki,0.0,0.0,0.0
Suprovat Chakravarty,M,Cycling,Men's Individual Road Race & Men's 1000M Time Trial,1952,Helsinki,0.0,0.0,0.0
Sakti Mazumdar,M,Boxing,Men's Flyweight,1952,Helsinki,0.0,0.0,0.0
Benoy Kumar Bose,M,Boxing,Men's Featherweight,1952,Helsinki,0.0,0.0,0.0
Ron Norris,M,Boxing,Men's Welterweight,1952,Helsinki,0.0,0.0,0.0
Oscar Alfred Ward,M,Boxing,Men's Light Heavyweight,1952,Helsinki,0.0,0.0,0.0
Lavy Pinto,M,Athletics,Men's Athletics,1952,Helsinki,0.0,0.0,0.0
Ivan Jacob,M,Athletics,Men's Athletics,1952,Helsinki,0.0,0.0,0.0
Sohan Singh,M,Athletics,Men's Athletics,1952,Helsinki,0.0,0.0,0.0
Surat Mathur,M,Athletics,Men's Athletics,1952,Helsinki,0.0,0.0,0.0
Mehnga Singh,W,Athletics,Womens Athletics,1952,Helsinki,0.0,0.0,0.0
Nilima Ghose,W,Athletics,Womens Athletics,1952,Helsinki,0.0,0.0,0.0
Baban Daware,M,Wrestling,Men's Under 52KG Freestyle,1956,Melbourne,0.0,0.0,0.0
Tarashkeswar Pandey,M,Wrestling,Men's Under 57KG Freestyle,1956,Melbourne,0.0,0.0,0.0
Ram Sarup,M,Wrestling,Men's Under 62KG Freestyle,1956,Melbourne,0.0,0.0,0.0
Lakhshmi Kant Pandey,M,Wrestling,Men's Under 67KG Freestyle,1956,Melbourne,0.0,0.0,0.0
D. Singh,M,Wrestling,Men's Under 73KG Freestyle,1956,Melbourne,0.0,0.0,0.0
B. Singh,M,Wrestling,Men's Under 79KG Freestyle,1956,Melbourne,0.0,0.0,0.0
Lila Ram,M,Wrestling,Men's Under 87KG Freestyle,1956,Melbourne,0.0,0.0,0.0
Valli Asari Mookan,M,Weightlifting,Men's Weightlifting,1956,Melbourne,0.0,0.0,0.0
Kamiineni Eshwara Rao,M,Weightlifting,Men's Weightlifting,1956,Melbourne,0.0,0.0,0.0
Dandamudi Rajagopal,M,Weightlifting,Men's Weightlifting,1956,Melbourne,0.0,0.0,0.0
Sri Chand Bajaj,M,Swimming,Mens Men's 100M Freestyle,1956,Melbourne,0.0,0.0,0.0
Shamsher Khan,M,Swimming,Men's 200M Butterfly,1956,Melbourne,0.0,0.0,0.0
Harihar Banerjee,M,Shooting,Mens 50M Rifle Three Positions,1956,Melbourne,0.0,0.0,0.0
Haricharan Shaw,M,Shooting,Mens 50M Rifle Three Positions,1956,Melbourne,0.0,0.0,0.0
Leslie Claudius,M,Hockey,men's field hockey,1956,Melbourne,1.0,0.0,0.0
Ranganathan Francis,M,Hockey,men's field hockey,1956,Melbourne,0.0,0.0,0.0
Haripal Kaushik,M,Hockey,men's field hockey,1956,Melbourne,0.0,0.0,0.0
Amir Kumar,M,Hockey,men's field hockey,1956,Melbourne,0.0,0.0,0.0
Raghbir Lal,M,Hockey,men's field hockey,1956,Melbourne,0.0,0.0,0.0
Shankar Lakshman,M,Hockey,men's field hockey,1956,Melbourne,0.0,0.0,0.0
Govind Perumal,M,Hockey,men's field hockey,1956,Melbourne,0.0,0.0,0.0
Amit Singh Bakshi,M,Hockey,men's field hockey,1956,Melbourne,0.0,0.0,0.0
Raghbir Singh Bhola,M,Hockey,men's field hockey,1956,Melbourne,0.0,0.0,0.0
Balbir Singh Dosanjh,M,Hockey,men's field hockey,1956,Melbourne,0.0,0.0,0.0
Hardyal Singh Garchey,M,Hockey,men's field hockey,1956,Melbourne,0.0,0.0,0.0
Randhir Singh Gentle,M,Hockey,men's field hockey,1956,Melbourne,0.0,0.0,0.0
Balkishan Singh Grewal,M,Hockey,men's field hockey,1956,Melbourne,0.0,0.0,0.0
Gurdev Singh Kullar,M,Hockey,men's field hockey,1956,Melbourne,0.0,0.0,0.0
Udham Singh Kullar,M,Hockey,men's field hockey,1956,Melbourne,0.0,0.0,0.0
Bakshish Singh,M,Hockey,men's field hockey,1956,Melbourne,0.0,0.0,0.0
Charles Stephen,M,Hockey,men's field hockey,1956,Melbourne,0.0,0.0,0.0
Pritam Singh,M,Gymnastics,Men's Gymnastics,1956,Melbourne,0.0,0.0,0.0
Sham Lal,M,Gymnastics,Men's Gymnastics,1956,Melbourne,0.0,0.0,0.0
Anant Ram,M,Gymnastics,Men's Gymnastics,1956,Melbourne,0.0,0.0,0.0
Hussain Ahmed,M,Football,Men's Football,1956,Melbourne,0.0,0.0,0.0
Syed Khaja Azizuddin,M,Football,Men's Football,1956,Melbourne,0.0,0.0,0.0
Tulsidas Balaram,M,Football,Men's Football,1956,Melbourne,0.0,0.0,0.0
Pradip Kumar Banerjee,M,Football,Men's Football,1956,Melbourne,0.0,0.0,0.0
Samar Banerjee,M,Football,Men's Football,1956,Melbourne,0.0,0.0,0.0
Neville D'Souza,M,Football,Men's Football,1956,Melbourne,0.0,0.0,0.0
Muhammad Kannayan,M,Football,Men's Football,1956,Melbourne,0.0,0.0,0.0
Mariappa Kempiah,M,Football,Men's Football,1956,Melbourne,0.0,0.0,0.0
Kittu,M,Football,Men's Football,1956,Melbourne,0.0,0.0,0.0
Sheikh Abdul Latif,M,Football,Men's Football,1956,Melbourne,0.0,0.0,0.0
Muhammad Noor,M,Football,Men's Football,1956,Melbourne,0.0,0.0,0.0
S. S. Narayan,M,Football,Men's Football,1956,Melbourne,0.0,0.0,0.0
Nikhil Nandy,M,Football,Men's Football,1956,Melbourne,0.0,0.0,0.0
Kesto Pal,M,Football,Men's Football,1956,Melbourne,0.0,0.0,0.0
Abdul Rahman,M,Football,Men's Football,1956,Melbourne,0.0,0.0,0.0
Muhammad Salaam,M,Football,Men's Football,1956,Melbourne,0.0,0.0,0.0
Peter Thangaraj,M,Football,Men's Football,1956,Melbourne,0.0,0.0,0.0
Mohammed Zulfiqaruddin,M,Football,Men's Football,1956,Melbourne,0.0,0.0,0.0
Ajit Singh,M,Athletics,Men's High Jump,1956,Melbourne,0.0,0.0,0.0
Milkha Singh,M,Athletics,Men's 200M,1956,Melbourne,0.0,0.0,0.0
Sohan Singh,M,Athletics,Men's 800M,1956,Melbourne,0.0,0.0,0.0
Sri Chand Ram,M,Athletics,Men's Athletics,1956,Melbourne,0.0,0.0,0.0
Jagdev Singh,M,Athletics,Men's Athletics,1956,Melbourne,0.0,0.0,0.0
Ajit Singh,M,Athletics,Men's Athletics,1956,Melbourne,0.0,0.0,0.0
Ram Mehar,M,Athletics,Men's Athletics,1956,Melbourne,0.0,0.0,0.0
Mohinder Singh,M,Athletics,Men's Athletics,1956,Melbourne,0.0,0.0,0.0
Mary Rao,W,Athletics,Women's Athletics,1956,Melbourne,0.0,0.0,0.0
S. Shiam,M,Wrestling,Mens Under 62KG Freestyle,1960,Rome,0.0,0.0,0.0
Gian Prakash,M,Wrestling,Mens Under 67KG Freestyle,1960,Rome,0.0,0.0,0.0
Udey Chand,M,Wrestling,Mens Under 73KG Freestyle,1960,Rome,0.0,0.0,0.0
Madho Singh,M,Wrestling,Mens Under 79KG Freestyle,1960,Rome,0.0,0.0,0.0
Sajjan Singh,M,Wrestling,Mens Under 87KG Freestyle,1960,Rome,0.0,0.0,0.0
Laxmi Kanta Das,M,Weightlifting,Mens Weightlifting,1960,Rome,0.0,0.0,0.0
Paul Cheema Singh,M,Shooting,Mens 25M Pistol,1960,Rome,0.0,0.0,0.0
Karni Singh,M,Shooting,Mens Trap,1960,Rome,0.0,0.0,0.0
Sen Keshav,M,Shooting,Mens Trap,1960,Rome,0.0,0.0,0.0
Joseph Antic,M,Hockey,men's field hockey,1960,Rome,0.0,0.0,0.0
Leslie Claudius,M,Hockey,men's field hockey,1960,Rome,0.0,0.0,0.0
Jaman Lal Sharma,M,Hockey,men's field hockey,1960,Rome,0.0,1.0,0.0
Mohinder Lal,M,Hockey,men's field hockey,1960,Rome,0.0,0.0,0.0
Shankar Lakshman,M,Hockey,men's field hockey,1960,Rome,0.0,0.0,0.0
John Peter,M,Hockey,men's field hockey,1960,Rome,0.0,0.0,0.0
Govind Sawant,M,Hockey,men's field hockey,1960,Rome,0.0,0.0,0.0
Raghbir Singh Bhola,M,Hockey,men's field hockey,1960,Rome,0.0,0.0,0.0
Udham Singh Kullar,M,Hockey,men's field hockey,1960,Rome,0.0,0.0,0.0
Charanjit Singh,M,Hockey,men's field hockey,1960,Rome,0.0,0.0,0.0
Jaswant Singh,M,Hockey,men's field hockey,1960,Rome,0.0,0.0,0.0
Joginder Singh,M,Hockey,men's field hockey,1960,Rome,0.0,0.0,0.0
Prithipal Singh,M,Hockey,men's field hockey,1960,Rome,0.0,0.0,0.0
Bahadur Chettri Ram,M,Football,Mens Football,1960,Rome,0.0,0.0,0.0
Dharmalingam Kannan,M,Football,Mens Football,1960,Rome,0.0,0.0,0.0
Dhillon Singh Jarnail,M,Football,Mens Football,1960,Rome,0.0,0.0,0.0
Menon Chandrasekhar,M,Football,Mens Football,1960,Rome,0.0,0.0,0.0
Peter Thangaraj,M,Football,Mens Football,1960,Rome,0.0,0.0,0.0
Pk Banerjee,M,Football,Mens Football,1960,Rome,0.0,0.0,0.0
Sheikh Abdul Latif,M,Football,Mens Football,1960,Rome,0.0,0.0,0.0
Simon Sunder Raj,M,Football,Mens Football,1960,Rome,0.0,0.0,0.0
Subimal Goswami,M,Football,Mens Football,1960,Rome,0.0,0.0,0.0
Tulasidas Balaram,M,Football,Mens Football,1960,Rome,0.0,0.0,0.0
Youssef Khan,M,Football,Mens Football,1960,Rome,0.0,0.0,0.0
Mariappa Kempaiah,M,Football,Mens Football,1960,Rome,0.0,0.0,0.0
Milkha Singh,M,Athletics,Mens 400M,1960,Rome,0.0,0.0,0.0
B.V. Satyanarayan,M,Athletics,Men's High Jump,1960,Rome,0.0,0.0,0.0
B.V. Satyanarayan,M,Athletics,Men's Long Jump,1960,Rome,0.0,0.0,0.0
Virsa Singh,M,Athletics,Men's High Jump,1960,Rome,0.0,0.0,0.0
Virsa Singh,M,Athletics,Men's Long Jump,1960,Rome,0.0,0.0,0.0
Lal Chand,M,Athletics,Men's Marathon,1960,Rome,0.0,0.0,0.0
Jagmal Singh,M,Athletics,Men's Marathon,1960,Rome,0.0,0.0,0.0
Ranjit Bhatia,M,Athletics,Men's Marathon,1960,Rome,0.0,0.0,0.0
Ranjit Bhatia,M,Athletics,Men's 5000M,1960,Rome,0.0,0.0,0.0
Jagmohan Singh,M,Athletics,Men's 110M Hurdles,1960,Rome,0.0,0.0,0.0
Ganpat Andalkar,,Wrestling,Mens Above 97KG Freestyle,1964,Tokyo,0.0,0.0,0.0
Malwa Singh,M,Wrestling,Mens Under 52KG Freestyle,1964,Tokyo,0.0,0.0,0.0
Bishambhar,M,Wrestling,Mens Under 57KG Freestyle,1964,Tokyo,0.0,0.0,0.0
Udey Chand,M,Wrestling,Mens Under 70KG Freestyle,1964,Tokyo,0.0,0.0,0.0
Madho Singh,M,Wrestling,Mens Under 78KG Freestyle,1964,Tokyo,0.0,0.0,0.0
Jit Singh,M,Wrestling,Mens Under 87KG Freestyle,1964,Tokyo,0.0,0.0,0.0
Maruti Mane,M,Wrestling,Mens Under 97KG Freestyle,1964,Tokyo,0.0,0.0,0.0
Mohan Lal Ghosh,M,Weightlifting,Mens Weightlifting,1964,Tokyo,0.0,0.0,0.0
Laxmi Kanta Das,M,Weightlifting,Mens Weightlifting,1964,Tokyo,0.0,0.0,0.0
Karni Singh,M,Shooting,Mens Trap,1964,Tokyo,0.0,0.0,0.0
Devi Singh,M,Shooting,Mens Trap,1964,Tokyo,0.0,0.0,0.0
Haripal Kaushik,M,Hockey,men's field hockey,1964,Tokyo,1.0,0.0,0.0
Mohinder Lal,M,Hockey,men's field hockey,1964,Tokyo,0.0,0.0,0.0
Shankar Lakshman,M,Hockey,men's field hockey,1964,Tokyo,0.0,0.0,0.0
Bandu Patil,M,Hockey,men's field hockey,1964,Tokyo,0.0,0.0,0.0
John Peter,M,Hockey,men's field hockey,1964,Tokyo,0.0,0.0,0.0
Ali Sayed,M,Hockey,men's field hockey,1964,Tokyo,0.0,0.0,0.0
Udham Singh Kullar,M,Hockey,men's field hockey,1964,Tokyo,0.0,0.0,0.0
Charanjit Singh,M,Hockey,men's field hockey,1964,Tokyo,0.0,0.0,0.0
Darshan Singh,M,Hockey,men's field hockey,1964,Tokyo,0.0,0.0,0.0
Dharam Singh,M,Hockey,men's field hockey,1964,Tokyo,0.0,0.0,0.0
Gurbux Singh,M,Hockey,men's field hockey,1964,Tokyo,0.0,0.0,0.0
Harbinder Singh,M,Hockey,men's field hockey,1964,Tokyo,0.0,0.0,0.0
Jagjit Singh,M,Hockey,men's field hockey,1964,Tokyo,0.0,0.0,0.0
Joginder Singh,M,Hockey,men's field hockey,1964,Tokyo,0.0,0.0,0.0
Prithipal Singh,M,Hockey,men's field hockey,1964,Tokyo,0.0,0.0,0.0
Balbir Singh Kullar,M,Hockey,men's field hockey,1964,Tokyo,0.0,0.0,0.0
Rajendran Christie,M,Hockey,men's field hockey,1964,Tokyo,0.0,0.0,0.0
Bandu Bhosle,M,Gymnastics,Mens Gymnastics,1964,Tokyo,0.0,0.0,0.0
Vithal Karande,M,Gymnastics,Mens Gymnastics,1964,Tokyo,0.0,0.0,0.0
Trilok Singh,M,Gymnastics,Mens Gymnastics,1964,Tokyo,0.0,0.0,0.0
Jagmal More,M,Gymnastics,Mens Gymnastics,1964,Tokyo,0.0,0.0,0.0
Anant Ram,M,Gymnastics,Mens Gymnastics,1964,Tokyo,0.0,0.0,0.0
Darshan Mondal,M,Gymnastics,Mens Gymnastics,1964,Tokyo,0.0,0.0,0.0
Ansuya Prasad,W,Diving,Womens Diving,1964,Tokyo,0.0,0.0,0.0
Sohan Singh,M,Diving,Mens Diving,1964,Tokyo,0.0,0.0,0.0
Amar Singh Billing,M,Cycling,"Mens Sprint,Mens Team Time Trial",1964,Tokyo,0.0,0.0,0.0
Chetan Singh Hari,M,Cycling,Mens Team Time Trial,1964,Tokyo,0.0,0.0,0.0
Dalbir Singh Gill,M,Cycling,Mens Team Time Trial,1964,Tokyo,0.0,0.0,0.0
Amar Singh Sokhi,M,Cycling,Mens Team Time Trial,1964,Tokyo,0.0,0.0,0.0
Suchha Singh,M,Cycling,Mens Sprint,1964,Tokyo,0.0,0.0,0.0
Kenneth Powell,M,Athletics,"Men's 200M,Men's 4 × 100M Relay",1964,Tokyo,0.0,0.0,0.0
Balkrishan Akotkar,M,Athletics,Men's Marathon,1964,Tokyo,0.0,0.0,0.0
Harbans Lal,M,Athletics,Men's Marathon,1964,Tokyo,0.0,0.0,0.0
Labh Singh,M,Athletics,Men's Triple Jump,1964,Tokyo,0.0,0.0,0.0
S. Bondada Venkata,M,Athletics,Men's Long jump,1964,Tokyo,0.0,0.0,0.0
Anthony Francis Coutinho,M,Athletics,Men's 4 × 100M Relay,1964,Tokyo,0.0,0.0,0.0
Makhan Singh,M,Athletics,Men's 4 × 100M Relay,1964,Tokyo,0.0,0.0,0.0
Rajasekaran Pichaya,M,Athletics,Men's 4 × 100M Relay,1964,Tokyo,0.0,0.0,0.0
Gurbachan Singh Randhawa,M,Athletics,Men's Athletics,1964,Tokyo,0.0,0.0,0.0
Amrit Pal,M,Athletics,Men's Athletics,1964,Tokyo,0.0,0.0,0.0
Ajmer Singh,M,Athletics,Men's Athletics,1964,Tokyo,0.0,0.0,0.0
Milkha Singh,M,Athletics,Men's Athletics,1964,Tokyo,0.0,0.0,0.0
B. V. Satyanarayan,M,Athletics,Men's Athletics,1964,Tokyo,0.0,0.0,0.0
Stephie D'Souza,M,Athletics,Men's Athletics,1964,Tokyo,0.0,0.0,0.0
Sudhesh Kumar,M,Wrestling,Men's Under 52KG Freestyle,1968,Mexico City,0.0,0.0,0.0
Bishambar Singh,M,Wrestling,Men's Under 57KG Freestyle,1968,Mexico City,0.0,0.0,0.0
Udey Chand,M,Wrestling,Men's Under 70KG Freestyle,1968,Mexico City,0.0,0.0,0.0
Mukhtiar Singh,M,Wrestling,Men's Under 78KG Freestyle,1968,Mexico City,0.0,0.0,0.0
Mohan Lal Ghosh,M,Weightlifting,Men's Weightlifting,1968,Mexico City,0.0,0.0,0.0
Karni Singh,M,Shooting,Men's Trap & Skeet,1968,Mexico City,0.0,0.0,0.0
Randhir Singh,M,Shooting,Men's Trap,1968,Mexico City,0.0,0.0,0.0
Ajit Pal Singh,M,Hockey,men's field hockey,1968,Mexico City,0.0,0.0,1.0
Balbir Singh I,M,Hockey,men's field hockey,1968,Mexico City,0.0,0.0,0.0
Balbir Singh Ii,M,Hockey,men's field hockey,1968,Mexico City,0.0,0.0,0.0
Balbir Singh Iii,M,Hockey,men's field hockey,1968,Mexico City,0.0,0.0,0.0
Gurbux Singh,M,Hockey,men's field hockey,1968,Mexico City,0.0,0.0,0.0
Harbinder Singh,M,Hockey,men's field hockey,1968,Mexico City,0.0,0.0,0.0
Harmik Singh,M,Hockey,men's field hockey,1968,Mexico City,0.0,0.0,0.0
Inam-Ur Rahman,M,Hockey,men's field hockey,1968,Mexico City,0.0,0.0,0.0
Inder Singh,M,Hockey,men's field hockey,1968,Mexico City,0.0,0.0,0.0
Krishnamurthy Perumal,M,Hockey,men's field hockey,1968,Mexico City,0.0,0.0,0.0
Munir Sait,M,Hockey,men's field hockey,1968,Mexico City,0.0,0.0,0.0
John Victor Peter,M,Hockey,men's field hockey,1968,Mexico City,0.0,0.0,0.0
Prithipal Singh,M,Hockey,men's field hockey,1968,Mexico City,0.0,0.0,0.0
Rajendra Absolem Christy,M,Hockey,men's field hockey,1968,Mexico City,0.0,0.0,0.0
Tarsem Singh,M,Hockey,men's field hockey,1968,Mexico City,0.0,0.0,0.0
Bhim Singh,M,Athletics,Men's Athletics,1968,Mexico City,0.0,0.0,0.0
Praveen Kumar,M,Athletics,Men's Hammer Throw,1968,Mexico City,0.0,0.0,0.0
Adkar Maruti,M,Wrestling,Men's Wrestling,1972,Munich,0.0,0.0,0.0
Sudesh Kumar,M,Wrestling,Men's Wrestling,1972,Munich,0.0,0.0,0.0
Prem Nath,M,Wrestling,Men's Wrestling,1972,Munich,0.0,0.0,0.0
Satpal Singh,M,Wrestling,Men's Wrestling,1972,Munich,0.0,0.0,0.0
Jagrup Singh,M,Wrestling,Men's Wrestling,1972,Munich,0.0,0.0,0.0
Mukhtiar Singh,M,Wrestling,Men's Wrestling,1972,Munich,0.0,0.0,0.0
Harishchandara Birajdar,M,Wrestling,Men's Wrestling,1972,Munich,0.0,0.0,0.0
Chandgi Ram,M,Wrestling,Men's Wrestling,1972,Munich,0.0,0.0,0.0
Anil Mondal,M,Weightlifting,Men's 52 kg,1972,Munich,0.0,0.0,0.0
Prithipal Chatterjee,M,Shooting,Men's 50 M Rifle Prone,1972,Munich,0.0,0.0,0.0
Roy Choudhury,M,Shooting,Men's 50 M Rifle Prone,1972,Munich,0.0,0.0,0.0
Karni Singh,M,Shooting,Men's Trap & Skeet,1972,Munich,0.0,0.0,0.0
Randhir Singh,M,Shooting,Men's Trap,1972,Munich,0.0,0.0,0.0
Tehmasp Rustom Mogul,M,Sailing,Men's Sailing,1972,Munich,0.0,0.0,0.0
Ahmed Abdul Basith,M,Sailing,Men's Sailing,1972,Munich,0.0,0.0,0.0
Sohrab Janshed Contractor,M,Sailing,Men's Sailing,1972,Munich,0.0,0.0,0.0
Charles Cornelius,M,Hockey,men's field hockey,1972,Munich,0.0,0.0,1.0
Manuel Frederick,M,Hockey,men's field hockey,1972,Munich,0.0,0.0,0.0
Ashok Kumar,M,Hockey,men's field hockey,1972,Munich,0.0,0.0,0.0
Michael Kindo,M,Hockey,men's field hockey,1972,Munich,0.0,0.0,0.0
Ganesh Mullera Poovayya,M,Hockey,men's field hockey,1972,Munich,0.0,0.0,0.0
Krishnamurty Perumal,M,Hockey,men's field hockey,1972,Munich,0.0,0.0,0.0
Victor Philips,M,Hockey,men's field hockey,1972,Munich,0.0,0.0,0.0
Harcharan Singh,M,Hockey,men's field hockey,1972,Munich,0.0,0.0,0.0
"B. P. Govinda, Vece Paes",M,Hockey,men's field hockey,1972,Munich,0.0,0.0,0.0
Ajitpal Singh,M,Hockey,men's field hockey,1972,Munich,0.0,0.0,0.0
Harbinder Singh,M,Hockey,men's field hockey,1972,Munich,0.0,0.0,0.0
Harmik Singh,M,Hockey,men's field hockey,1972,Munich,0.0,0.0,0.0
Kulwant Singh,M,Hockey,men's field hockey,1972,Munich,0.0,0.0,0.0
Mukhbain Singh,M,Hockey,men's field hockey,1972,Munich,0.0,0.0,0.0
Virinder Singh,M,Hockey,men's field hockey,1972,Munich,0.0,0.0,0.0
Chander Narayanan,M,Boxing,Men's Boxing,1972,Munich,0.0,0.0,0.0
Muniswamy Venu,M,Boxing,Men's Boxing,1972,Munich,0.0,0.0,0.0
Nghlhav Mehtabs Singh,M,Boxing,Men's Boxing,1972,Munich,0.0,0.0,0.0
Sri Ram Singh,M,Athletics,Men's 800M,1972,Munich,0.0,0.0,0.0
Edward Sequeria,M,Athletics,Men's 5000M,1972,Munich,0.0,0.0,0.0
Suresh Babu,M,Athletics,Men's Athletics,1972,Munich,0.0,0.0,0.0
Mohinder Singh Gill,M,Athletics,Men's Long jump,1972,Munich,0.0,0.0,0.0
Jugraj Singh,M,Athletics,Men's Shot put,1972,Munich,0.0,0.0,0.0
Praveen Kumar,M,Athletics,Men's Discus throw,1972,Munich,0.0,0.0,0.0
Vijay Singh Chauhan,M,Athletics,Men's Athletics,1972,Munich,0.0,0.0,0.0
Kamaljit Sandhu,W,Athletics,Women's Athletics,1972,Munich,0.0,0.0,0.0
Anil Mondal,M,Weightlifting,Men's 52KG,1976,Montreal,0.0,0.0,0.0
Randhir Singh,M,Shooting,Men's Trap,1976,Montreal,0.0,0.0,0.0
Sandhu Singh Gurbir,M,Shooting,Mens Skeet 125 Targets,1976,Montreal,0.0,0.0,0.0
Maharao Singh Bhim,M,Shooting,Mens Skeet 125 Targets,1976,Montreal,0.0,0.0,0.0
Ajitpal Singh,M,Hockey,men's field hockey,1976,Montreal,0.0,0.0,0.0
Vadivelu Phillips,M,Hockey,men's field hockey,1976,Montreal,0.0,0.0,0.0
Baldev Singh,M,Hockey,men's field hockey,1976,Montreal,0.0,0.0,0.0
Ashok Diwan,M,Hockey,men's field hockey,1976,Montreal,0.0,0.0,0.0
Billimoga Govinda,M,Hockey,men's field hockey,1976,Montreal,0.0,0.0,0.0
Ashok Kumar,M,Hockey,men's field hockey,1976,Montreal,0.0,0.0,0.0
Varinder Singh,M,Hockey,men's field hockey,1976,Montreal,0.0,0.0,0.0
Harcharan Singh,M,Hockey,men's field hockey,1976,Montreal,0.0,0.0,0.0
Mohinder Singh,M,Hockey,men's field hockey,1976,Montreal,0.0,0.0,0.0
Aslam Sher Khan,M,Hockey,men's field hockey,1976,Montreal,0.0,0.0,0.0
Syed Ali,M,Hockey,men's field hockey,1976,Montreal,0.0,0.0,0.0
Bir Bhadur Chettri,M,Hockey,men's field hockey,1976,Montreal,0.0,0.0,0.0
Chand Singh,M,Hockey,men's field hockey,1976,Montreal,0.0,0.0,0.0
Ajit Singh,M,Hockey,men's field hockey,1976,Montreal,0.0,0.0,0.0
Surjit Singh,M,Hockey,men's field hockey,1976,Montreal,0.0,0.0,0.0
Vasudevan Baskaran,M,Hockey,men's field hockey,1976,Montreal,0.0,0.0,0.0
Rai Sik,M,Boxing,Men's Featherweight,1976,Montreal,0.0,0.0,0.0
C.C Machaiah,M,Boxing,Men's Light Welterweight,1976,Montreal,0.0,0.0,0.0
Sriram Singh,M,Athletics,Men's 800M,1976,Montreal,0.0,0.0,0.0
Hari Chand,M,Athletics,Men's 10.000M,1976,Montreal,0.0,0.0,0.0
T. C. Yohannan,M,Athletics,Men's Long Jump,1976,Montreal,0.0,0.0,0.0
Shivnath Singh,M,Athletics,Men's Marathon,1976,Montreal,0.0,0.0,0.0
,M,Wrestling,,1980,Moscow,0.0,0.0,0.0
,M,Wrestling,,1980,Moscow,0.0,0.0,0.0
,M,Wrestling,,1980,Moscow,0.0,0.0,0.0
,M,Wrestling,,1980,Moscow,0.0,0.0,0.0
,M,Wrestling,,1980,Moscow,0.0,0.0,0.0
,M,Wrestling,,1980,Moscow,0.0,0.0,0.0
Satpal Singh,M,Weightlifting,Mens Weightlifting,1980,Moscow,0.0,0.0,0.0
Kartar Dhillon Singh,M,Weightlifting,Mens Weightlifting,1980,Moscow,0.0,0.0,0.0
Gian Chand,M,Shooting,Mens Shooting,1980,Moscow,0.0,0.0,0.0
Roy Choudhury,M,Shooting,Mens Shooting,1980,Moscow,0.0,0.0,0.0
Karni Singh,M,Shooting,Mens Shooting,1980,Moscow,0.0,0.0,0.0
Randhir Singh,M,Shooting,Mens Shooting,1980,Moscow,0.0,0.0,0.0
Vasudevan Baskaran,M,Hockey,men's field hockey,1980,Moscow,1.0,0.0,0.0
Allan Schofield,M,Hockey,men's field hockey,1980,Moscow,0.0,0.0,0.0
Bir Bhadur Chettri,M,Hockey,men's field hockey,1980,Moscow,0.0,0.0,0.0
Sylvanus Dung Dung,M,Hockey,men's field hockey,1980,Moscow,0.0,0.0,0.0
Davinder Singh,M,Hockey,men's field hockey,1980,Moscow,0.0,0.0,0.0
Gurmail Singh,M,Hockey,men's field hockey,1980,Moscow,0.0,0.0,0.0
Ravinder Pal Singh,M,Hockey,men's field hockey,1980,Moscow,0.0,0.0,0.0
Sommayya Maneypande,M,Hockey,men's field hockey,1980,Moscow,0.0,0.0,0.0
Maharaj Krishan Kaushik,M,Hockey,men's field hockey,1980,Moscow,0.0,0.0,0.0
Charanjit Kumar,M,Hockey,men's field hockey,1980,Moscow,0.0,0.0,0.0
Merwyn Fernandes,M,Hockey,men's field hockey,1980,Moscow,0.0,0.0,0.0
Amarjit Singh Rana,M,Hockey,men's field hockey,1980,Moscow,0.0,0.0,0.0
Mohamed Shahid,M,Hockey,men's field hockey,1980,Moscow,0.0,0.0,0.0
Zafar Iqbal,M,Hockey,men's field hockey,1980,Moscow,0.0,0.0,0.0
Surinder Singh Sodhi,M,Hockey,men's field hockey,1980,Moscow,0.0,0.0,0.0
Margaret Toscano,W,Hockey,Womens Hockey,1980,Moscow,0.0,0.0,0.0
Sudha Chaudhry,W,Hockey,Womens Hockey,1980,Moscow,0.0,0.0,0.0
Gangotri Bhandari,W,Hockey,Womens Hockey,1980,Moscow,0.0,0.0,0.0
Rekha Mundphan,W,Hockey,Womens Hockey,1980,Moscow,0.0,0.0,0.0
Rup Kumari Saini,W,Hockey,Womens Hockey,1980,Moscow,0.0,0.0,0.0
Varsha Soni,W,Hockey,Womens Hockey,1980,Moscow,0.0,0.0,0.0
Eliza Nelson,W,Hockey,Womens Hockey,1980,Moscow,0.0,0.0,0.0
Prem Maya Sonir,W,Hockey,Womens Hockey,1980,Moscow,0.0,0.0,0.0
Nazleen Madraswalla,W,Hockey,Womens Hockey,1980,Moscow,0.0,0.0,0.0
Selma D'Silva,W,Hockey,Womens Hockey,1980,Moscow,0.0,0.0,0.0
Lorraine Fernandes,W,Hockey,Womens Hockey,1980,Moscow,0.0,0.0,0.0
Harpreet Gill,W,Hockey,Womens Hockey,1980,Moscow,0.0,0.0,0.0
Balwinder Kaur Bhatia,W,Hockey,Womens Hockey,1980,Moscow,0.0,0.0,0.0
Geeta Sareen,W,Hockey,Womens Hockey,1980,Moscow,0.0,0.0,0.0
Nisha Sharma,W,Hockey,Womens Hockey,1980,Moscow,0.0,0.0,0.0
Hutoxi Bagli,W,Hockey,Womens Hockey,1980,Moscow,0.0,0.0,0.0
Muhammad Khan,M,Equestrian,Mens Equestrian,1980,Moscow,0.0,0.0,0.0
Darya Singh,M,Equestrian,Mens Equestrian,1980,Moscow,0.0,0.0,0.0
Jitendarjit Singh Ahluwalia,M,Equestrian,Mens Equestrian,1980,Moscow,0.0,0.0,0.0
Hussain Khan,M,Equestrian,Mens Equestrian,1980,Moscow,0.0,0.0,0.0
Thapa Birender Singh,M,Boxing,Men's Light Flyweight 48KG,1980,Moscow,0.0,0.0,0.0
Amala Dass,M,Boxing,Men's Flyweight 51KG,1980,Moscow,0.0,0.0,0.0
Ganapathy Manoharan,M,Boxing,Men's Bantamweight 54KG,1980,Moscow,0.0,0.0,0.0
Parvez Irani Diniar,M,Basketball,Mens Basketball,1980,Moscow,0.0,0.0,0.0
Chopra Ajmer Singh,M,Basketball,Mens Basketball,1980,Moscow,0.0,0.0,0.0
Tarlok Sandhu Singh,M,Basketball,Mens Basketball,1980,Moscow,0.0,0.0,0.0
Paramdip Singh,M,Basketball,Mens Basketball,1980,Moscow,0.0,0.0,0.0
Shyam Radhey,M,Basketball,Mens Basketball,1980,Moscow,0.0,0.0,0.0
Baldev Singh,M,Basketball,Mens Basketball,1980,Moscow,0.0,0.0,0.0
Dilip Gurumurthy,M,Basketball,Mens Basketball,1980,Moscow,0.0,0.0,0.0
Paramjit Singh,M,Basketball,Mens Basketball,1980,Moscow,0.0,0.0,0.0
Nagarajan Amarnath,M,Basketball,Mens Basketball,1980,Moscow,0.0,0.0,0.0
Jorawar Singh,M,Basketball,Mens Basketball,1980,Moscow,0.0,0.0,0.0
Rathore Uman Singh,M,Basketball,Mens Basketball,1980,Moscow,0.0,0.0,0.0
Harbhajan Singh,M,Basketball,Mens Basketball,1980,Moscow,0.0,0.0,0.0
Subramanian Perumal,M,Athletics,Men's 200M,1980,Moscow,0.0,0.0,0.0
Sriram Singh,M,Athletics,Men's 800M,1980,Moscow,0.0,0.0,0.0
Sant Kumar,M,Athletics,"Men's 1,500M",1980,Moscow,0.0,0.0,0.0
Hari Chand,M,Athletics,"Men's 10,000M",1980,Moscow,0.0,0.0,0.0
Shivnath Singh,M,Athletics,Men's Marathon,1980,Moscow,0.0,0.0,0.0
Bahadur Singh Chauhan,M,Athletics,Men's Shot Put,1980,Moscow,0.0,0.0,0.0
Ranjit Singh,M,Athletics,Men's 20KM Walk,1980,Moscow,0.0,0.0,0.0
P. T. Usha,W,Athletics,Women's 100M,1980,Moscow,0.0,0.0,0.0
Geeta Zutshi,W,Athletics,Women's 800M,1980,Moscow,0.0,0.0,0.0
Adille Sumariwalla,M,Athletics,"Men's 1,500M",1980,Moscow,0.0,0.0,0.0
Gopal Saini,M,Athletics,"Men's 10,000M",1980,Moscow,0.0,0.0,0.0
Kartar Dhillon Singh,M,Wrestling,"Men's Heavyweight, Freestyle",1984,Los Angeles,0.0,0.0,0.0
Jai Prakash,M,Wrestling,"Men's Light-Heavyweight, Freestyle",1984,Los Angeles,0.0,0.0,0.0
Rajinder Singh,M,Wrestling,"Men's Welterweight, Freestyle",1984,Los Angeles,0.0,0.0,0.0
Jagmander Singh,M,Wrestling,"Men's Lightweight, Freestyle",1984,Los Angeles,0.0,0.0,0.0
Gian Singh,M,Wrestling,"Men's Featherweight, Freestyle",1984,Los Angeles,0.0,0.0,0.0
Rohtas Singh,M,Wrestling,Men's Bantamweight Freestyle,1984,Los Angeles,0.0,0.0,0.0
Mahabir Singh,M,Wrestling,Men's Flyweight Freestyle,1984,Los Angeles,0.0,0.0,0.0
Sunil Dutt,M,Wrestling,Men's Light-Flyweight Freestyle,1984,Los Angeles,0.0,0.0,0.0
Mahendran Kannan,M,Weightlifting,Men's Flyweight,1984,Los Angeles,0.0,0.0,0.0
Manikyalu Malla Venkata,M,Weightlifting,Men's Flyweight,1984,Los Angeles,0.0,0.0,0.0
Deven Govindasami,M,Weightlifting,Men's Bantamweight,1984,Los Angeles,0.0,0.0,0.0
Kamalakanta Santra,M,Weightlifting,Men's Featherweight,1984,Los Angeles,0.0,0.0,0.0
Rajinder Kumar Vij,M,Shooting,Men's Rapid-Fire Pistol 25M,1984,Los Angeles,0.0,0.0,0.0
Mohinder Lal,M,Shooting,Men's Rapid-Fire Pistol 25M,1984,Los Angeles,0.0,0.0,0.0
Baljit Singh Kharab,M,Shooting,Men's Free Pistol 50M,1984,Los Angeles,0.0,0.0,0.0
Bhagirath Samai,M,Shooting,"Men's Air Rifle 10M,Men's Small-Bore Rifle Prone 50M",1984,Los Angeles,0.0,0.0,0.0
Mansher Singh,M,Shooting,Mens Mixed Trap,1984,Los Angeles,0.0,0.0,0.0
Randhir Singh,M,Shooting,Mens Mixed Trap,1984,Los Angeles,0.0,0.0,0.0
Harisimran Singh Sandhu,M,Shooting,Mens Mixed Skeet,1984,Los Angeles,0.0,0.0,0.0
Soma Dutta,W,Shooting,"Women's Air Rifle 10M,Women's Small-Bore Rifle Three Positions 50M",1984,Los Angeles,0.0,0.0,0.0
Dhruv Bhandari Farokh Tarapore,M,Sailing,Mens Sailing,1984,Los Angeles,0.0,0.0,0.0
Romeo James,M,Hockey,Mens Hockey,1984,Los Angeles,0.0,0.0,0.0
Manohar Topno,M,Hockey,Mens Hockey,1984,Los Angeles,0.0,0.0,0.0
Vineet Kumar Sharma,M,Hockey,Mens Hockey,1984,Los Angeles,0.0,0.0,0.0
Somaya Muttana Maneypandey,M,Hockey,Mens Hockey,1984,Los Angeles,0.0,0.0,0.0
Joaquim Carvalho,M,Hockey,Mens Hockey,1984,Los Angeles,0.0,0.0,0.0
Rajinder Singh,M,Hockey,Mens Hockey,1984,Los Angeles,0.0,0.0,0.0
Charanjit Kumar,M,Hockey,Mens Hockey,1984,Los Angeles,0.0,0.0,0.0
Merwyn Fernandis,M,Hockey,Mens Hockey,1984,Los Angeles,0.0,0.0,0.0
Hardeep Singh,M,Hockey,Mens Hockey,1984,Los Angeles,0.0,0.0,0.0
Muhammad Shahid,M,Hockey,Mens Hockey,1984,Los Angeles,0.0,0.0,0.0
Zafar Iqbal,M,Hockey,Mens Hockey,1984,Los Angeles,0.0,0.0,0.0
Neel Kamal Singh,M,Hockey,Mens Hockey,1984,Los Angeles,0.0,0.0,0.0
Iqbaljit Singh Grewal,M,Hockey,Mens Hockey,1984,Los Angeles,0.0,0.0,0.0
Ravinder Pal Singh,M,Hockey,Mens Hockey,1984,Los Angeles,0.0,0.0,0.0
Marcellus Gomes,M,Hockey,Mens Hockey,1984,Los Angeles,0.0,0.0,0.0
Jalal-Ud-Din Syed Rizvi,M,Hockey,Mens Hockey,1984,Los Angeles,0.0,0.0,0.0
Jaslal Pradhan,M,Boxing,,1984,Los Angeles,0.0,0.0,0.0
Kaliq Singh,M,Boxing,,1984,Los Angeles,0.0,0.0,0.0
Charles Borromeo,M,Athletics,Men's 800M,1984,Los Angeles,0.0,0.0,0.0
Chand Ram,M,Athletics,Men's 20KM Walk,1984,Los Angeles,0.0,0.0,0.0
Gurtej Singh,M,Athletics,Men's Javelin Throw,1984,Los Angeles,0.0,0.0,0.0
Shiny Abraham,W,Athletics,Women's 800M,1984,Los Angeles,0.0,0.0,0.0
Geeta Zutshi,W,Athletics,"Women's 3,000M",1984,Los Angeles,0.0,0.0,0.0
P. T. Usha,W,Athletics,Women's 400M,1984,Los Angeles,0.0,0.0,0.0
M. D. Valsamma,W,Athletics,Women's 400M Hurdles,1984,Los Angeles,0.0,0.0,0.0
Vandana Rao,W,Athletics,Women's 4 × 400M Relay,1984,Los Angeles,0.0,0.0,0.0
Kartar Dhillon Singh,M,Wrestling,Men's Heavyweight Freestyle,1988,Seoul,0.0,0.0,0.0
Naresh Kumar,M,Wrestling,Men's Welterweight Freestyle,1988,Seoul,0.0,0.0,0.0
Rajesh Kumar,M,Wrestling,Men's Light-Flyweight Freestyle,1988,Seoul,0.0,0.0,0.0
Vinod Kumar,M,Wrestling,Men's Bantamweight Freestyle,1988,Seoul,0.0,0.0,0.0
Satyawan,M,Wrestling,Men's Lightweight Freestyle,1988,Seoul,0.0,0.0,0.0
Kuldeep Singh,M,Wrestling,Men's Flyweight Freestyle,1988,Seoul,0.0,0.0,0.0
Subhash Verma,M,Wrestling,Men's Light-Heavyweight Freestyle,1988,Seoul,0.0,0.0,0.0
Raghavan Chanderasekaran,M,Weightlifting,Men's Flyweight,1988,Seoul,0.0,0.0,0.0
Gurunathan Muthuswamy,M,Weightlifting,Men's Flyweight,1988,Seoul,0.0,0.0,0.0
Zeeshan Ali,M,Tennis,Men's Singles,1988,Seoul,0.0,0.0,0.0
Vijay Amritraj,M,Tennis,Men's Singles,1988,Seoul,0.0,0.0,0.0
Sujay Ghorpade,M,Table Tennis,Men's Singles,1988,Seoul,0.0,0.0,0.0
Kamiesh Mehta,M,Table Tennis,Men's Singles,1988,Seoul,0.0,0.0,0.0
Niyati Roy,W,Table Tennis,Women's Singles,1988,Seoul,0.0,0.0,0.0
Ranjoy Punja,M,Swimming,Mens 100M Backstroke,1988,Seoul,0.0,0.0,0.0
Khajan Singh Tokas,M,Swimming,Mens 200M Butterfly,1988,Seoul,0.0,0.0,0.0
,W,Shooting,,1988,Seoul,0.0,0.0,0.0
,M,Sailing,,1988,Seoul,0.0,0.0,0.0
,M,Sailing,,1988,Seoul,0.0,0.0,0.0
Maneypandu Somaya,M,Hockey,Men's Hockey,1988,Seoul,0.0,0.0,0.0
Rajinder Singh,M,Hockey,Men's Hockey,1988,Seoul,0.0,0.0,0.0
Pargat Singh,M,Hockey,Men's Hockey,1988,Seoul,0.0,0.0,0.0
Ashok Kumar,M,Hockey,Men's Hockey,1988,Seoul,0.0,0.0,0.0
Mohinder Pal Singh,M,Hockey,Men's Hockey,1988,Seoul,0.0,0.0,0.0
Vivek Singh,M,Hockey,Men's Hockey,1988,Seoul,0.0,0.0,0.0
Sujit Kumar,M,Hockey,Men's Hockey,1988,Seoul,0.0,0.0,0.0
Subrami Balanda Kalaiash,M,Hockey,Men's Hockey,1988,Seoul,0.0,0.0,0.0
Mohammed Shahid,M,Hockey,Men's Hockey,1988,Seoul,0.0,0.0,0.0
Sebastian Jude Felix,M,Hockey,Men's Hockey,1988,Seoul,0.0,0.0,0.0
Balwinder Singh,M,Hockey,Men's Hockey,1988,Seoul,0.0,0.0,0.0
Mervyn Fernandis,M,Hockey,Men's Hockey,1988,Seoul,0.0,0.0,0.0
Thoiba Singh,M,Hockey,Men's Hockey,1988,Seoul,0.0,0.0,0.0
Gundeep Kumar,M,Hockey,Men's Hockey,1988,Seoul,0.0,0.0,0.0
Jagbir Singh,M,Hockey,Men's Hockey,1988,Seoul,0.0,0.0,0.0
Mark Patterson,M,Hockey,Men's Hockey,1988,Seoul,0.0,0.0,0.0
Shahuraj Birajdar,M,Boxing,Mens Bantamweight,1988,Seoul,0.0,0.0,0.0
Ohn William Francis,M,Boxing,Mens Featherweight,1988,Seoul,0.0,0.0,0.0
Manoj Pingale,M,Boxing,Mens Flyweight,1988,Seoul,0.0,0.0,0.0
Vandana Pandurang Shanbagh,W,Athletics,Women's 4 × 400M Relay,1988,Seoul,0.0,0.0,0.0
Mercy Alapurackal,W,Athletics,Womens 400M,1988,Seoul,0.0,0.0,0.0
Shiny Kurisingal Abraham,W,Athletics,Womens 800M,1988,Seoul,0.0,0.0,0.0
P. T. Usha,W,Athletics,Womens 400M Hurdles,1988,Seoul,0.0,0.0,0.0
Vandana Raow,W,Athletics,Women's 4 × 400M Relay,1988,Seoul,0.0,0.0,0.0
Shyam Lal,M,Archery,Mens Individual,1988,Seoul,0.0,0.0,0.0
Limba Ram,M,Archery,Mens Individual,1988,Seoul,0.0,0.0,0.0
Sanjeeva Singh,M,Archery,Mens Individual,1988,Seoul,0.0,0.0,0.0
Pappu Jadav,M,Wrestling,Men's Light-Flyweight Greco-Roman,1992,Barcelona,0.0,0.0,0.0
Anil Kumar,M,Wrestling,"Men's Flyweight, Freestyle",1992,Barcelona,0.0,0.0,0.0
Ashok Kumar,M,Wrestling,"Men's Bantamweight, Freestyle",1992,Barcelona,0.0,0.0,0.0
M. R. Patil,M,Wrestling,"Men's Featherweight, Greco-Roman",1992,Barcelona,0.0,0.0,0.0
Dharan Singh Dahiya,M,Wrestling,"Men's Featherweight, Freestyle",1992,Barcelona,0.0,0.0,0.0
Subhash Verma,M,Wrestling,"Men's Heavyweight, Freestyle",1992,Barcelona,0.0,0.0,0.0
Badathala Adisekhar,M,Weightlifting,Men's Flyweight,1992,Barcelona,0.0,0.0,0.0
Sivaraj Naalamuthu Pillai,M,Weightlifting,Men's Featherweight,1992,Barcelona,0.0,0.0,0.0
Ponnuswamy Rangaswamy,M,Weightlifting,Men's Bantamweight,1992,Barcelona,0.0,0.0,0.0
Leander Paes,M,Tennis,Men's Singles,1992,Barcelona,0.0,0.0,0.0
Ramesh Krishnan,M,Tennis,Men's Singles,1992,Barcelona,0.0,0.0,0.0
Chetan Baboor,M,Table Tennis,Men's Singles,1992,Barcelona,0.0,0.0,0.0
Sujay Ghorpade,M,Table Tennis,Men's Doubles,1992,Barcelona,0.0,0.0,0.0
Kamlesh Mehta,M,Table Tennis,"Men's Singles,Men's Doubles",1992,Barcelona,0.0,0.0,0.0
Niyati Roy-Shah,W,Table Tennis,Women's Singles,1992,Barcelona,0.0,0.0,0.0
Abha Dhillan,W,Shooting,Women's Air Pistol 10M,1992,Barcelona,0.0,0.0,0.0
Soma Dutta,W,Shooting,Women's Air Pistol 10M,1992,Barcelona,0.0,0.0,0.0
Farokh Tarapore,M,Sailing,Men's Two Person Dinghy,1992,Barcelona,0.0,0.0,0.0
Cawas Billimoria,M,Judo,Men's Heavyweight,1992,Barcelona,0.0,0.0,0.0
Sandeep Byala,M,Judo,Men's Half-Lightweight,1992,Barcelona,0.0,0.0,0.0
Rajinder Kumar Dhanger,M,Judo,Men's Middleweight,1992,Barcelona,0.0,0.0,0.0
Narinder Singh,M,Judo,Men's Extra-Lightweight,1992,Barcelona,0.0,0.0,0.0
Sangita Mehta,W,Judo,Women's Heavyweight,1992,Barcelona,0.0,0.0,0.0
Anjaparavanda Subbaiah,M,Hockey,Mens Hockey,1992,Barcelona,0.0,0.0,0.0
Cheppudira Poonacha,M,Hockey,Mens Hockey,1992,Barcelona,0.0,0.0,0.0
Jagdaev Rai,M,Hockey,Mens Hockey,1992,Barcelona,0.0,0.0,0.0
Harpeet Singh,M,Hockey,Mens Hockey,1992,Barcelona,0.0,0.0,0.0
Sukhjit Singh,M,Hockey,Mens Hockey,1992,Barcelona,0.0,0.0,0.0
Shaqeel Ahmed,M,Hockey,Mens Hockey,1992,Barcelona,0.0,0.0,0.0
Mukesh Kumar,M,Hockey,Mens Hockey,1992,Barcelona,0.0,0.0,0.0
Jude Felix,M,Hockey,Mens Hockey,1992,Barcelona,0.0,0.0,0.0
Jagbir Singh,M,Hockey,Mens Hockey,1992,Barcelona,0.0,0.0,0.0
Dhanraj Pillay,M,Hockey,Mens Hockey,1992,Barcelona,0.0,0.0,0.0
Didar Singh,M,Hockey,Mens Hockey,1992,Barcelona,0.0,0.0,0.0
Ashish Ballal,M,Hockey,Mens Hockey,1992,Barcelona,0.0,0.0,0.0
Pargat Singh,M,Hockey,Mens Hockey,1992,Barcelona,0.0,0.0,0.0
Ravi Nayakar,M,Hockey,Mens Hockey,1992,Barcelona,0.0,0.0,0.0
Darryl DSouza,M,Hockey,Mens Hockey,1992,Barcelona,0.0,0.0,0.0
Ajit Lakra,M,Hockey,Mens Hockey,1992,Barcelona,0.0,0.0,0.0
Rajendra Prasad,M,Boxing,Men's Light Flyweight 48KG,1992,Barcelona,0.0,0.0,0.0
Narendar Bisth Singh,M,Boxing,Men's Featherweight,1992,Barcelona,0.0,0.0,0.0
Sandeep Gollen,M,Boxing,Men's Light-Welterweight,1992,Barcelona,0.0,0.0,0.0
Devarajan Venkatesan,M,Boxing,Men's Bantamweight,1992,Barcelona,0.0,0.0,0.0
Dharmendra Yadav,M,Boxing,Men's Flyweight,1992,Barcelona,0.0,0.0,0.0
Deepankar Bhattacharya,M,Badminton,"Men's Singles,Men's Doubles",1992,Barcelona,0.0,0.0,0.0
Vimal Kumar,M,Badminton,"Men's Singles,Men's Doubles",1992,Barcelona,0.0,0.0,0.0
Madhumita Bisht,W,Badminton,Women's Singles,1992,Barcelona,0.0,0.0,0.0
Bahadur Prasad,M,Athletics,Men's 5000M,1992,Barcelona,0.0,0.0,0.0
Abraham Yohan George,M,Athletics,Men's 100M,1992,Barcelona,0.0,0.0,0.0
Shiny Wilson,W,Athletics,Women's 800M,1992,Barcelona,0.0,0.0,0.0
Limba Ram,M,Archery,Men's Individual Competition,1992,Barcelona,0.0,0.0,0.0
Lalremsanga Chhangte,M,Archery,Men's Individual Competition,1992,Barcelona,0.0,0.0,0.0
Dhulchand Damor,M,Archery,Men's Individual Competition,1992,Barcelona,0.0,0.0,0.0
Badathala Adisekhar,M,Weightlifting,Men's Flyweight,1996,Atlanta,0.0,0.0,0.0
Raghavan Chandrasekharan,M,Weightlifting,Men's Bantamweight,1996,Atlanta,0.0,0.0,0.0
Sandeep Kumar,M,Weightlifting,Men's Featherweight,1996,Atlanta,0.0,0.0,0.0
Samsudeen Kabeer,M,Weightlifting,Men's Lightweight,1996,Atlanta,0.0,0.0,0.0
Satheesha Rai,M,Weightlifting,Men's Middleweight,1996,Atlanta,0.0,0.0,0.0
Pappu Yadav,M,Weightlifting,Men's Flyweight,1996,Atlanta,0.0,0.0,0.0
Leander Paes,M,Tennis,Men's Singles ,1996,Atlanta,0.0,0.0,1.0
Mahesh Bhupathi,M,Tennis,Men's Doubles,1996,Atlanta,0.0,0.0,0.0
Sebastian Xavier,M,Swimming,Men's 50M Freestyle,1996,Atlanta,0.0,0.0,0.0
Sangeeta Puri,W,Swimming,Women's 50M Freestyle,1996,Atlanta,0.0,0.0,0.0
Jaspal Rana,M,Shooting,"Men's Free Pistol, 50M",1996,Atlanta,0.0,0.0,0.0
Mansher Singh,M,Shooting,Mens Trap,1996,Atlanta,0.0,0.0,0.0
Narinder Singh,M,Judo,Men's Extra-Lightweight,1996,Atlanta,0.0,0.0,0.0
Najib Aga,M,Judo,Men's Half-Lightweight,1996,Atlanta,0.0,0.0,0.0
Sunith Thakur,W,Judo,Women's Half-Lightweight,1996,Atlanta,0.0,0.0,0.0
Shah Kohli,W,Judo,Women's Heavyweight,1996,Atlanta,0.0,0.0,0.0
Subbaiah Anjaparavanda,M,Hockey,Men's Team,1996,Atlanta,0.0,0.0,0.0
Harpreet Singh,M,Hockey,Men's Team,1996,Atlanta,0.0,0.0,0.0
Mohammed Riaz,M,Hockey,Men's Team,1996,Atlanta,0.0,0.0,0.0
Sanjeev Kumar,M,Hockey,Men's Team,1996,Atlanta,0.0,0.0,0.0
Baljeet Singh,M,Hockey,Men's Team,1996,Atlanta,0.0,0.0,0.0
Sabu Varkey,M,Hockey,Men's Team,1996,Atlanta,0.0,0.0,0.0
Mukesh Kumar,M,Hockey,Men's Team,1996,Atlanta,0.0,0.0,0.0
Rahul Singh,M,Hockey,Men's Team,1996,Atlanta,0.0,0.0,0.0
Dhanraj Pillay,M,Hockey,Men's Team,1996,Atlanta,0.0,0.0,0.0
Pargat Singh,M,Hockey,Men's Team,1996,Atlanta,0.0,0.0,0.0
Baljit Singh Dhillon,M,Hockey,Men's Team,1996,Atlanta,0.0,0.0,0.0
Alloysuis Edwards,M,Hockey,Men's Team,1996,Atlanta,0.0,0.0,0.0
Anil Alexander,M,Hockey,Men's Team,1996,Atlanta,0.0,0.0,0.0
Gavin Ferreira,M,Hockey,Men's Team,1996,Atlanta,0.0,0.0,0.0
Ramandeep Singh,M,Hockey,Men's Team,1996,Atlanta,0.0,0.0,0.0
Dilip Tirkey,M,Hockey,Men's Team,1996,Atlanta,0.0,0.0,0.0
Thapa Debendra,M,Boxing,Men's Light Flyweight 48KG,1996,Atlanta,0.0,0.0,0.0
Gurcharn Singh,M,Boxing,Men's Light Heavyweight 81KG,1996,Atlanta,0.0,0.0,0.0
Lakha Singh,M,Boxing,Men's Heavyweight 91KG,1996,Atlanta,0.0,0.0,0.0
P. V. V. Lakshimi,W,Badminton,Women's Singles,1996,Atlanta,0.0,0.0,0.0
Deepankar Bhattacharya,M,Badminton,Men's Singles,1996,Atlanta,0.0,0.0,0.0
Shiny Wilson,W,Athletics,,1996,Atlanta,0.0,0.0,0.0
Rosakutty Kunnath Chacko,W,Athletics,Women's 4 × M Relay,1996,Atlanta,0.0,0.0,0.0
Shakti Singh,M,Athletics,Men's Discus Throw,1996,Atlanta,0.0,0.0,0.0
Beenamol Mathew,W,Athletics,Women's 4 × M Relay,1996,Atlanta,0.0,0.0,0.0
Bahadur Prasad,M,Athletics,Men's 1500M,1996,Atlanta,0.0,0.0,0.0
Jyotirmoyee Sikdar,W,Athletics,Women's 4 × M Relay,1996,Atlanta,0.0,0.0,0.0
Lalremsanga Chhangte,M,Archery,Men's Individual,1996,Atlanta,0.0,0.0,0.0
Skalzang Dorje,M,Archery,Men's Individual,1996,Atlanta,0.0,0.0,0.0
Limba Ram,M,Archery,Men's Individual,1996,Atlanta,0.0,0.0,0.0
Gurbinder Singh,M,Wrestling,Men's Greco-Roman 63 Kgs,2000,Sydney,0.0,0.0,0.0
Karnam Malleswari,W,Weightlifting,Women's 69KG,2000,Sydney,0.0,0.0,1.0
Thandava Murthy Muthu,M,Weightlifting,Men's Bantamweight,2000,Sydney,0.0,0.0,0.0
Sanamacha Chanu,W,Weightlifting,Women's Featherweight,2000,Sydney,0.0,0.0,0.0
Leander Paes,M,Tennis,Men's Singles,2000,Sydney,0.0,0.0,0.0
Mahesh Bhupathi,M,Tennis,Men's Doubles,2000,Sydney,0.0,0.0,0.0
Manisha Malhotra,W,Tennis,Women's Doubles,2000,Sydney,0.0,0.0,0.0
Nirupama Vaidyanathan,W,Tennis,Women's Doubles,2000,Sydney,0.0,0.0,0.0
Chetan Baboor,M,Table Tennis,Men's Singles,2000,Sydney,0.0,0.0,0.0
Hakimuddin Shabbir Habibulla S,M,Swimming,Men's 200M Freestyle,2000,Sydney,0.0,0.0,0.0
Nisha Millet,W,Swimming,Women's 200M Freestyle,2000,Sydney,0.0,0.0,0.0
Anwar Sultan,M,Shooting,Men's Trap,2000,Sydney,0.0,0.0,0.0
Abhinav Bindra,M,Shooting,Men's 10M,2000,Sydney,0.0,0.0,0.0
Anjali Vedpathak,W,Shooting,Women's 10M,2000,Sydney,0.0,0.0,0.0
Kasam Khan,M,Rowing,Men's Pair,2000,Sydney,0.0,0.0,0.0
Inderpal Singh,M,Rowing,Men's Pair,2000,Sydney,0.0,0.0,0.0
Lourembam Brojeshori Devi,W,Judo,Women's Half-Lightweight,2000,Sydney,0.0,0.0,0.0
Jude Menezes,M,Hockey,Mens Hockey,2000,Sydney,0.0,0.0,0.0
Devesh Chauhan,M,Hockey,Mens Hockey,2000,Sydney,0.0,0.0,0.0
Dilip Tirkey,M,Hockey,Mens Hockey,2000,Sydney,0.0,0.0,0.0
Dinesh Nayak,M,Hockey,Mens Hockey,2000,Sydney,0.0,0.0,0.0
Lazarus Barla,M,Hockey,Mens Hockey,2000,Sydney,0.0,0.0,0.0
Baljit Singh Saini,M,Hockey,Mens Hockey,2000,Sydney,0.0,0.0,0.0
Sukhbir Singh Gill,M,Hockey,Mens Hockey,2000,Sydney,0.0,0.0,0.0
Mohammed Riaz,M,Hockey,Mens Hockey,2000,Sydney,0.0,0.0,0.0
Thirumal Valavan,M,Hockey,Mens Hockey,2000,Sydney,0.0,0.0,0.0
Ramandeep Singh,M,Hockey,Mens Hockey,2000,Sydney,0.0,0.0,0.0
Mukesh Kumar,M,Hockey,Mens Hockey,2000,Sydney,0.0,0.0,0.0
Dhanraj Pillay,M,Hockey,Mens Hockey,2000,Sydney,0.0,0.0,0.0
Baljit Singh Dhillon,M,Hockey,Mens Hockey,2000,Sydney,0.0,0.0,0.0
Sameer Dad,M,Hockey,Mens Hockey,2000,Sydney,0.0,0.0,0.0
Deepak Thakur,M,Hockey,Mens Hockey,2000,Sydney,0.0,0.0,0.0
Gagan Ajit Singh,M,Hockey,Mens Hockey,2000,Sydney,0.0,0.0,0.0
Imtiaz Anees,M,Equestrian,Individual Eventing,2000,Sydney,0.0,0.0,0.0
Soubam,M,Boxing,Men's Light Flyweight,2000,Sydney,0.0,0.0,0.0
Dingko Singh,M,Boxing,Men's Bantamweight,2000,Sydney,0.0,0.0,0.0
Jitender Kumar,M,Boxing,Men's Middleweight,2000,Sydney,0.0,0.0,0.0
Gurcharan Singh,M,Boxing,Men's Light Heavyweight,2000,Sydney,0.0,0.0,0.0
Pullela Gopichand,M,Badminton,Men's Singles,2000,Sydney,0.0,0.0,0.0
Aparna Popat,W,Badminton,Women's Singles,2000,Sydney,0.0,0.0,0.0
Rajeev Bala Krishnan,M,Athletics,Men's 4 × 100M,2000,Sydney,0.0,0.0,0.0
C. Thirugnana Durai,M,Athletics,Men's 4 × 100M,2000,Sydney,0.0,0.0,0.0
Anil Kumar,M,Athletics,Men's 4 × 100M,2000,Sydney,0.0,0.0,0.0
Raj Singh Ajay,M,Athletics,Men's 4 × 100M,2000,Sydney,0.0,0.0,0.0
Lijo David Thottan,M,Athletics,Men's 4 × 400M,2000,Sydney,0.0,0.0,0.0
Purukottam,M,Athletics,Men's 4 × 400M,2000,Sydney,0.0,0.0,0.0
Ramachandran,M,Athletics,Men's 4 × 400M,2000,Sydney,0.0,0.0,0.0
Jata Shankar,M,Athletics,Men's 4 × 400M,2000,Sydney,0.0,0.0,0.0
Paramjit Singh,M,Athletics,Men's 4 × 400M,2000,Sydney,0.0,0.0,0.0
Bahadur Singh Sagoo,M,Athletics,Men's Shot put,2000,Sydney,0.0,0.0,0.0
Shakti Singh,M,Athletics,Men's Shot put,2000,Sydney,0.0,0.0,0.0
Jagdish Bishnoi,M,Athletics,Men's Javelin Throw,2000,Sydney,0.0,0.0,0.0
Sanjay K. Rai,M,Athletics,Men's Long Jump,2000,Sydney,0.0,0.0,0.0
Beena Mol K. M.,W,Athletics,Women's 400M,2000,Sydney,0.0,0.0,0.0
Saraswati Dey,W,Athletics,Women's 4 × 100M,2000,Sydney,0.0,0.0,0.0
Rachita Mistry,W,Athletics,Women's 4 × 100M,2000,Sydney,0.0,0.0,0.0
Vinita Tripathi,W,Athletics,Women's 4 × 100M,2000,Sydney,0.0,0.0,0.0
Jayalakshmi V.,W,Athletics,Women's 4 × 100M,2000,Sydney,0.0,0.0,0.0
Paramjit Kaur,W,Athletics,Women's 4 × 400M,2000,Sydney,0.0,0.0,0.0
Rosa Kutty,W,Athletics,Women's 4 × 400M,2000,Sydney,0.0,0.0,0.0
Jincy Phillip,W,Athletics,Women's 4 × 400M,2000,Sydney,0.0,0.0,0.0
Neelam Jaswant Singh,W,Athletics,Women's Discus Throw,2000,Sydney,0.0,0.0,0.0
Gurmeet Kaur,W,Athletics,Women's Javelin Throw,2000,Sydney,0.0,0.0,0.0
Pramila Ganapathy,W,Athletics,Women's Heptathlon,2000,Sydney,0.0,0.0,0.0
Soma Biswas,W,Athletics,Women's Heptathlon,2000,Sydney,0.0,0.0,0.0
Yogeshwar Dutt,M,Wrestling,55kg,2004,Athens,0.0,0.0,0.0
Sushil Kumar,M,Wrestling,60kg,2004,Athens,0.0,0.0,0.0
Ramesh Kumar,M,Wrestling,66kg,2004,Athens,0.0,0.0,0.0
Sujeet Maan,M,Wrestling,74kg,2004,Athens,0.0,0.0,0.0
Anuj Kumar,M,Wrestling,84kg,2004,Athens,0.0,0.0,0.0
Palwinder Singh Cheema,M,Wrestling,120kg,2004,Athens,0.0,0.0,0.0
Mukesh Khatri,M,Wrestling,55kg,2004,Athens,0.0,0.0,0.0
Kunjarani Devi,W,Weightlifting,48kg,2004,Athens,0.0,0.0,0.0
Sanamacha Chanu,W,Weightlifting,53kg,2004,Athens,0.0,0.0,0.0
Karnam Malleswari,W,Weightlifting,63kg,2004,Athens,0.0,0.0,0.0
Mahesh Bhupathi,M,Tennis,Men's doubles,2004,Athens,0.0,0.0,0.0
Leander Paes,M,Tennis,Men's doubles,2004,Athens,0.0,0.0,0.0
Sharath Kamal Achanta,M,Table Tennis,Men's Singles,2004,Athens,0.0,0.0,0.0
Mouma Das,W,Table Tennis,Women's singles,2004,Athens,0.0,0.0,0.0
Shikha Tandon,W,Swimming,Freestyle,2004,Athens,0.0,0.0,0.0
Rajyavardhan Singh Rathore,M,Shooting,Double trap,2004,Athens,0.0,1.0,0.0
Abhinav Bindra,M,Shooting,10m,2004,Athens,0.0,0.0,0.0
Gagan Narang,M,Shooting,Double trap,2004,Athens,0.0,0.0,0.0
Manavjit Singh Sandhu,M,Shooting,Trap,2004,Athens,0.0,0.0,0.0
Mansher Singh,M,Shooting,Trap,2004,Athens,0.0,0.0,0.0
Anjali Bhagwat,W,Shooting,"10m,50m",2004,Athens,0.0,0.0,0.0
Deepali Deshpande,W,Shooting,50m,2004,Athens,0.0,0.0,0.0
Suma Shirur,W,Shooting,10m,2004,Athens,0.0,0.0,0.0
Sumeet Patel,M,Sailing,49er,2004,Athens,0.0,0.0,0.0
Malav Shorff,M,Sailing,49er,2004,Athens,0.0,0.0,0.0
Paulose Pandari Kunnel,M,Rowing,Single sculls,2004,Athens,0.0,0.0,0.0
Akram Shah,M,Judo,Men's 60kg,2004,Athens,0.0,0.0,0.0
Devesh Chauhan (Gk),M,Hockey,Mens Hockey,2004,Athens,0.0,0.0,0.0
Dilip Tirkey,M,Hockey,Mens Hockey,2004,Athens,0.0,0.0,0.0
Sandeep Singh,M,Hockey,Mens Hockey,2004,Athens,0.0,0.0,0.0
Ignace Tirkey,M,Hockey,Mens Hockey,2004,Athens,0.0,0.0,0.0
Prabhjot Singh,M,Hockey,Mens Hockey,2004,Athens,0.0,0.0,0.0
Deepak Thakur,M,Hockey,Mens Hockey,2004,Athens,0.0,0.0,0.0
Dhanraj Pillay,M,Hockey,Mens Hockey,2004,Athens,0.0,0.0,0.0
Baljit Singh Dhillon,M,Hockey,Mens Hockey,2004,Athens,0.0,0.0,0.0
Gagan Ajit Singh,M,Hockey,Mens Hockey,2004,Athens,0.0,0.0,0.0
Adrian D'Souza,M,Hockey,Mens Hockey,2004,Athens,0.0,0.0,0.0
William Xalco,M,Hockey,Mens Hockey,2004,Athens,0.0,0.0,0.0
Viren Rasquinha,M,Hockey,Mens Hockey,2004,Athens,0.0,0.0,0.0
Arjun Halappa,M,Hockey,Mens Hockey,2004,Athens,0.0,0.0,0.0
Adam Sinclair,M,Hockey,Mens Hockey,2004,Athens,0.0,0.0,0.0
Harpal Singh,M,Hockey,Mens Hockey,2004,Athens,0.0,0.0,0.0
Vikram Pillay,M,Hockey,Mens Hockey,2004,Athens,0.0,0.0,0.0
Akhil Kumar,M,Boxing,Mens Flyweight,2004,Athens,0.0,0.0,0.0
Diwakar Prasad,M,Boxing,Mens Bantamweight,2004,Athens,0.0,0.0,0.0
Vijender Singh,M,Boxing,Mens Light welterweight,2004,Athens,0.0,0.0,0.0
Jitender Kumar,M,Boxing,Mens Light heavyweight,2004,Athens,0.0,0.0,0.0
Abhinn Shyam Gupta,M,Badminton,Men's singles,2004,Athens,0.0,0.0,0.0
Nikhil Kanetkar,M,Badminton,Men's singles,2004,Athens,0.0,0.0,0.0
Aparna Popat,W,Badminton,Women's singles,2004,Athens,0.0,0.0,0.0
Manjit Kaur,W,Athletics,Womens 4 × 400M Relay,2004,Athens,0.0,0.0,0.0
Sathi Geetha,W,Athletics,Womens 4 × 400M Relay,2004,Athens,0.0,0.0,0.0
K. M. Binu,M,Athletics,Mens 400M,2004,Athens,0.0,0.0,0.0
Vikas Gowda,M,Athletics,Mens Discus Throw,2004,Athens,0.0,0.0,0.0
Anil Kumar,M,Athletics,Mens Discus Throw,2004,Athens,0.0,0.0,0.0
Bahadur Singh,M,Athletics,Mens Shot put,2004,Athens,0.0,0.0,0.0
Saraswati Saha,W,Athletics,Womens 200M,2004,Athens,0.0,0.0,0.0
Rajwinder Kaur,W,Athletics,Womens 4 × 400M Relay,2004,Athens,0.0,0.0,0.0
Bobby Aloysius,W,Athletics,Womens High jump,2004,Athens,0.0,0.0,0.0
Seema Antil,W,Athletics,Womens Discus throw,2004,Athens,0.0,0.0,0.0
Anju Bobby George,W,Athletics,Womens Long jump,2004,Athens,0.0,0.0,0.0
Harwant Kaur,W,Athletics,Womens Discus throw,2004,Athens,0.0,0.0,0.0
Neelam Jaswant Singh,W,Athletics,Womens Discus throw,2004,Athens,0.0,0.0,0.0
Soma Biswas,W,Athletics,Womens Heptathlon,2004,Athens,0.0,0.0,0.0
Shobha Javur,W,Athletics,Womens Heptathlon,2004,Athens,0.0,0.0,0.0
Chitra K. Soman,W,Athletics,Womens 4 × 400M Relay,2004,Athens,0.0,0.0,0.0
Satyadev Prasad,M,Archery,Mens Individual,2004,Athens,0.0,0.0,0.0
Tarundeep Rai,M,Archery,Mens Individual,2004,Athens,0.0,0.0,0.0
Majhi Sawaiyan,M,Archery,Mens Individual,2004,Athens,0.0,0.0,0.0
Dola Banerjee,W,Archery,Womens Individual,2004,Athens,0.0,0.0,0.0
Reena Kumari,W,Archery,Womens Individual,2004,Athens,0.0,0.0,0.0
Sumangala Sharma,W,Archery,Womens Individual,2004,Athens,0.0,0.0,0.0
Sushil Kumar,M,Wrestling,"Men's Lightweight, Freestyle",2008,Beijing,0.0,0.0,1.0
Yogeshwar Dutt,M,Wrestling,"Men's Lightweight, Freestyle",2008,Beijing,0.0,0.0,0.0
Rajiv Tomar,M,Wrestling,"Men's Super-Heavyweight, Freestyle",2008,Beijing,0.0,0.0,0.0
Sushil Kumar,M,Wrestling,"Men's Lightweight, Freestyle",2008,Beijing,0.0,0.0,0.0
Mahesh Bhupathi,M,Tennis,Men's doubles,2008,Beijing,0.0,0.0,0.0
Sania Mirza,W,Tennis,Women's singles,2008,Beijing,0.0,0.0,0.0
Sunitha Rao,W,Tennis,Women's doubles,2008,Beijing,0.0,0.0,0.0
Leander Paes,M,Tennis,Men's doubles,2008,Beijing,0.0,0.0,0.0
Achanta Sharath Kamal,M,Table Tennis,Men's singles,2008,Beijing,0.0,0.0,0.0
Neha Aggarwal,W,Table Tennis,Women's singles,2008,Beijing,0.0,0.0,0.0
Virdhawal Khade,M,Swimming,"Mens 50M Freestyle,Mens 100M Freestyle,Mens 200M Freestyle",2008,Beijing,0.0,0.0,0.0
Rehan Poncha,M,Swimming,Mens 200M Butterfly,2008,Beijing,0.0,0.0,0.0
Ankur Poseria,M,Swimming,Mens 100M Butterfly,2008,Beijing,0.0,0.0,0.0
Sandeep Sejwal,M,Swimming,"Mens 100M Breaststroke,Mens 200M Breaststroke",2008,Beijing,0.0,0.0,0.0
Abhinav Bindra,M,Shooting,Men's 10M,2008,Beijing,1.0,0.0,0.0
Samaresh Jung,M,Shooting,"Mens 10M Air Pistol,Mens 50M Free Pistol",2008,Beijing,0.0,0.0,0.0
Gagan Narang,M,Shooting,"Mens 10M Air Rifle,Mens 50M Rifle Prone,Mens 50M Rifle 3 positions",2008,Beijing,0.0,0.0,0.0
Sanjeev Rajput,M,Shooting,"Mens 50M Rifle 3 positions,Mens 50Mrifle prone",2008,Beijing,0.0,0.0,0.0
Rajyavardhan Singh Rathore,M,Shooting,Mens Double trap,2008,Beijing,0.0,0.0,0.0
Manavjit Singh Sandhu,M,Shooting,Mens Trap,2008,Beijing,0.0,0.0,0.0
Mansher Singh,M,Shooting,Mens Trap,2008,Beijing,0.0,0.0,0.0
Anjali Bhagwat,W,Shooting,"Womens 50M rifle 3 positions,Womens 10M Air Rifle",2008,Beijing,0.0,0.0,0.0
Avneet Kaur Sidhu,W,Shooting,"Womens 50M rifle 3 positions,Womens 10M Air Rifle",2008,Beijing,0.0,0.0,0.0
Nachhatar Singh Johal,M,Sailing,Mixed One Person Dinghy,2008,Beijing,0.0,0.0,0.0
Bajranglal Takhar,M,Rowing,Men's Single Sculls,2008,Beijing,0.0,0.0,0.0
Devender Kumar,M,Rowing,Men's Lightweight Double Sculls,2008,Beijing,0.0,0.0,0.0
Khandwal,M,Rowing,Men's Lightweight Double Sculls,2008,Beijing,0.0,0.0,0.0
Manjeet Singh,M,Rowing,Men's Lightweight Double Sculls,2008,Beijing,0.0,0.0,0.0
Khumujam Tombi Devi,W,Judo,Women's Extra-Lightweight,2008,Beijing,0.0,0.0,0.0
Divya Tewar,W,Judo,Women's Half-Heavyweight,2008,Beijing,0.0,0.0,0.0
Vijender Singh,M,Boxing,Middleweight,2008,Beijing,0.0,0.0,1.0
Jitender Kumar,M,Boxing,Men's Flyweight,2008,Beijing,0.0,0.0,0.0
Akhil Kumar,M,Boxing,Men's Bantamweight,2008,Beijing,0.0,0.0,0.0
Anthresh Lalit Lakra,M,Boxing,Men's Featherweight,2008,Beijing,0.0,0.0,0.0
Dinesh Kumar,M,Boxing,Men's Light heavyweight,2008,Beijing,0.0,0.0,0.0
Anup Sridhar,M,Badminton,Men's singles,2008,Beijing,0.0,0.0,0.0
Saina Nehwal,W,Badminton,Women's singles,2008,Beijing,0.0,0.0,0.0
Surendra Singh,M,Athletics,Mens 10000M,2008,Beijing,0.0,0.0,0.0
Vikas Gowda,M,Athletics,Mens Discus throw,2008,Beijing,0.0,0.0,0.0
Renjith Maheswary,M,Athletics,Mens Triple jump,2008,Beijing,0.0,0.0,0.0
Mandeep Kaur,W,Athletics,Womens 400M,2008,Beijing,0.0,0.0,0.0
Preeja Sreedharan,W,Athletics,Womens 10000M,2008,Beijing,0.0,0.0,0.0
Sathi Geetha,W,Athletics,Womens 4 × 400M Relay,2008,Beijing,0.0,0.0,0.0
Mandeep Kaur,W,Athletics,Womens 4 × 400M Relay,2008,Beijing,0.0,0.0,0.0
Manjeet Kaur,W,Athletics,Womens 4 × 400M Relay,2008,Beijing,0.0,0.0,0.0
Sini Jose,W,Athletics,Womens 4 × 400M Relay,2008,Beijing,0.0,0.0,0.0
Chitra Soman,W,Athletics,Womens 4 × 400M Relay,2008,Beijing,0.0,0.0,0.0
Anju Bobby George,W,Athletics,Womens Long jump,2008,Beijing,0.0,0.0,0.0
Harwant Kaur,W,Athletics,Womens Discus throw,2008,Beijing,0.0,0.0,0.0
Krishna Poonia,W,Athletics,Womens Discus throw,2008,Beijing,0.0,0.0,0.0
Pramila Ganapathy,W,Athletics,Womens Heptathlon,2008,Beijing,0.0,0.0,0.0
J.J. Shobha,W,Athletics,Womens Heptathlon,2008,Beijing,0.0,0.0,0.0
Sishmita Singh Roy,W,Athletics,Womens Heptathlon,2008,Beijing,0.0,0.0,0.0
Mangal Champia,M,Archery,Men's individual,2008,Beijing,0.0,0.0,0.0
Dola Banerjee,W,Archery,Women's individual,2008,Beijing,0.0,0.0,0.0
Bombayala Devi,W,Archery,Women's individual,2008,Beijing,0.0,0.0,0.0
Pranitha Vardhineni,W,Archery,Women's individual,2008,Beijing,0.0,0.0,0.0
Sushil Kumar,M,Wrestling,"Men's Lightweight, Freestyle",2012,London,0.0,1.0,0.0
Yogeshwar Dutt,M,Wrestling,Mens's Freestyle,2012,London,0.0,0.0,1.0
Geeta Phogat,W,Wrestling,"Women's Lightweight, Freestyle",2012,London,0.0,0.0,0.0
Narsingh Pancham Yadav,M,Wrestling,"Men's Middleweight, Freestyle",2012,London,0.0,0.0,0.0
Amit Kumar,M,Wrestling,"Men's Featherweight, Freestyle",2012,London,0.0,0.0,0.0
Sania Mirza,W,Tennis,"Women's Doubles,Mixed Doubles",2012,London,0.0,0.0,0.0
Rushmi Chakravarthi,W,Tennis,Women's Doubles,2012,London,0.0,0.0,0.0
Leander Paes,M,Tennis,"Men's Doubles,Mixed Doubles",2012,London,0.0,0.0,0.0
Rohan Bopanna,M,Tennis,Men's Doubles,2012,London,0.0,0.0,0.0
Mahesh Bhupathi,M,Tennis,Men's Doubles,2012,London,0.0,0.0,0.0
Vishnu Vardhan,M,Tennis,"Men's Singles,Men's Doubles",2012,London,0.0,0.0,0.0
Somdev Devvarman,M,Tennis,Men's Singles,2012,London,0.0,0.0,0.0
Vijay Kumar,M,Shooting,Men's 25m,2012,London,0.0,1.0,0.0
Gagan Narang,W,Shooting,Men's 10m,2012,London,0.0,0.0,1.0
Abhinav Bindra,M,Shooting,"Men's Air Rifle, 10M",2012,London,0.0,0.0,0.0
Annu Raj Singh,W,Shooting,"Women's Air Pistol, 10M,Women's Sporting Pistol, 25M",2012,London,0.0,0.0,0.0
Heena Sidhu,W,Shooting,"Women's Air Pistol, 10M",2012,London,0.0,0.0,0.0
Rahi Sarnobat,W,Shooting,"Women's Sporting Pistol, 25M",2012,London,0.0,0.0,0.0
Shagun Chowdhary,W,Shooting,Women's Trap,2012,London,0.0,0.0,0.0
Ronjan Sodhi,M,Shooting,Men's Double Trap,2012,London,0.0,0.0,0.0
Manavjit Singh Sandhu,M,Shooting,Men's Trap,2012,London,0.0,0.0,0.0
Sanjeev Rajput,M,Shooting,"Men's Small-Bore Rifle, Three Positions, 50M",2012,London,0.0,0.0,0.0
Joydeep Karmakar,M,Shooting,"Men's Small-Bore Rifle, Prone, 50M",2012,London,0.0,0.0,0.0
Ignace Tirkey,M,Hockey,Mens Hockey,2012,London,0.0,0.0,0.0
Sandeep Singh,M,Hockey,Mens Hockey,2012,London,0.0,0.0,0.0
Bharat Chettri,M,Hockey,Mens Hockey,2012,London,0.0,0.0,0.0
Manpreet Singh,M,Hockey,Mens Hockey,2012,London,0.0,0.0,0.0
Sardara Singh,M,Hockey,Mens Hockey,2012,London,0.0,0.0,0.0
Dharamvir Singh,M,Hockey,Mens Hockey,2012,London,0.0,0.0,0.0
V. R. Raghunath,M,Hockey,Mens Hockey,2012,London,0.0,0.0,0.0
Gurbaj Singh,M,Hockey,Mens Hockey,2012,London,0.0,0.0,0.0
Tushar Khandker,M,Hockey,Mens Hockey,2012,London,0.0,0.0,0.0
S. K. Uthappa,M,Hockey,Mens Hockey,2012,London,0.0,0.0,0.0
P. R. Shreejesh,M,Hockey,Mens Hockey,2012,London,0.0,0.0,0.0
Danish Mujtaba,M,Hockey,Mens Hockey,2012,London,0.0,0.0,0.0
Shivendra Singh,M,Hockey,Mens Hockey,2012,London,0.0,0.0,0.0
Gurwinder Singh Chandi,M,Hockey,Mens Hockey,2012,London,0.0,0.0,0.0
Sowmarpet Sunil,M,Hockey,Mens Hockey,2012,London,0.0,0.0,0.0
Birendra Lakra,M,Hockey,Mens Hockey,2012,London,0.0,0.0,0.0
Sarvanjit Singh,M,Hockey,Mens Hockey,2012,London,0.0,0.0,0.0
Kothajit Singh,M,Hockey,Mens Hockey,2012,London,0.0,0.0,0.0
Mary Kom,M,Boxing,Women's Featherweight,2012,London,0.0,0.0,1.0
Sumit Sangwan,M,Boxing,Men's Light-Heavyweight,2012,London,0.0,0.0,0.0
Vikas Krishan Yadav,M,Boxing,Men's Welterweight,2012,London,0.0,0.0,0.0
Manoj Kumar,M,Boxing,Men's Light-Welterweight,2012,London,0.0,0.0,0.0
Jai Bhagwan,M,Boxing,Men's Lightweight,2012,London,0.0,0.0,0.0
Shiva Thapa,M,Boxing,Men's Bantamweight,2012,London,0.0,0.0,0.0
Devendro Singh,M,Boxing,Men's Light-Flyweight,2012,London,0.0,0.0,0.0
Vijender Singh,M,Boxing,Middleweight,2012,London,0.0,0.0,0.0
Saina Nehwal,W,Badminton,Women's singles,2012,London,0.0,0.0,1.0
Parupalli Kashyap,M,Badminton,Men's Singles,2012,London,0.0,0.0,0.0
Jwala Gutta,M,Badminton,"Mixed Doubles,Women's Doubles",2012,London,0.0,0.0,0.0
Ashwini Ponnappa,W,Badminton,Women's Doubles,2012,London,0.0,0.0,0.0
Valiyaveetil Diju,W,Badminton,Mixed Doubles,2012,London,0.0,0.0,0.0
Basanta Bahadur Rana,M,Athletics,Men's 50KM Walk,2012,London,0.0,0.0,0.0
Baljinder Singh,M,Athletics,Men's 20KM Walk,2012,London,0.0,0.0,0.0
Gurmeet Singh,M,Athletics,Men's 20KM Walk,2012,London,0.0,0.0,0.0
Irfan Kolothum Thodi,M,Athletics,Men's 20KM Walk,2012,London,0.0,0.0,0.0
Ram Singh Yadav,M,Athletics,Men's Marathon,2012,London,0.0,0.0,0.0
Vikas Gowda,M,Athletics,Men's Discus Throw,2012,London,0.0,0.0,0.0
Om Prakash Karhana,M,Athletics,Men's Shot Put,2012,London,0.0,0.0,0.0
Renjith Maheshwary,M,Athletics,Men's Triple Jump,2012,London,0.0,0.0,0.0
Tintu Luka,W,Athletics,Women's 800M,2012,London,0.0,0.0,0.0
Sudha Singh,W,Athletics,"Women's 3,000M Steeplechase",2012,London,0.0,0.0,0.0
Mayookha Johny,W,Athletics,Women's Triple Jump,2012,London,0.0,0.0,0.0
Sahana Kumari,W,Athletics,Women's High Jump,2012,London,0.0,0.0,0.0
Seema Antil,W,Athletics,Women's Discus Throw,2012,London,0.0,0.0,0.0
Krishna Poonia,W,Athletics,Women's Discus Throw,2012,London,0.0,0.0,0.0
Ravi Kumar Katulu,M,Weightlifting,Men's Lightweight,2012,London,0.0,0.0,0.0
Soniya Chanu Ngangbam,W,Weightlifting,Women's Flyweight,2012,London,0.0,0.0,0.0
Soumyajit Ghosh,M,Table Tennis,Men's Singles,2012,London,0.0,0.0,0.0
Ankita Das,W,Table Tennis,Women's Singles,2012,London,0.0,0.0,0.0
Ullalmath Gagan,M,Swimming,"Men's 1,500M Freestyle",2012,London,0.0,0.0,0.0
Abhinav Bindra,M,Rowing,Men's Lightweight Double Sculls,2012,London,0.0,0.0,0.0
Annu Raj Singh,M,Rowing,Men's Lightweight Double Sculls,2012,London,0.0,0.0,0.0
Heena Sidhu,M,Rowing,Men's Single Sculls,2012,London,0.0,0.0,0.0
Garima Chaudhary,W,Judo,Women's Half-Middleweight,2012,London,0.0,0.0,0.0
Jayanta Talukdar,M,Archery,"Men's Individual,Mens Team",2012,London,0.0,0.0,0.0
Rahul Banerjee,M,Archery,"Men's Individual,Mens Team",2012,London,0.0,0.0,0.0
Tarundeep Rai,M,Archery,"Men's Individual,Mens Team",2012,London,0.0,0.0,0.0
Laishram Bombayla Devi,W,Archery,"Women's Individual,Womens Team",2012,London,0.0,0.0,0.0
Deepika Kumari,W,Archery,"Women's Individual,Womens Team",2012,London,0.0,0.0,0.0
Chekrovolu Swuro,W,Archery,"Women's Individual,Womens Team",2012,London,0.0,0.0,0.0
Sakshi Malik,W,Wrestling,58kg,2016,Rio,0.0,0.0,1.0
Sandeep Tomar,M,Wrestling,"Men's Featherweight, Freestyle",2016,Rio,0.0,0.0,0.0
Yogeshwar Dutt,M,Wrestling,"Men's Welterweight, Freestyle",2016,Rio,0.0,0.0,0.0
Ravinder Khatri,M,Wrestling,"Men's Light-Heavyweight, Greco-Roman",2016,Rio,0.0,0.0,0.0
Hardeep Singh,M,Wrestling,"Men's Heavyweight, Greco-Roman",2016,Rio,0.0,0.0,0.0
Vinesh Phogat,W,Wrestling,"Women's Flyweight, Freestyle",2016,Rio,0.0,0.0,0.0
Babita Kumari,W,Wrestling,"Women's Featherweight, Freestyle",2016,Rio,0.0,0.0,0.0
Sathish Sivalingam,M,Weightlifting,Men's Middleweight,2016,Rio,0.0,0.0,0.0
Saikhom Mirabai Chanu,W,Weightlifting,Women's Flyweight,2016,Rio,0.0,0.0,0.0
Leander Paes,M,Tennis,Men's doubles,2016,Rio,0.0,0.0,0.0
Sania Mirza,W,Tennis,Women's doubles,2016,Rio,0.0,0.0,0.0
Rohan Bopanna,M,Tennis,Mixed doubles,2016,Rio,0.0,0.0,0.0
Prarthana Thombare,W,Tennis,Women's doubles,2016,Rio,0.0,0.0,0.0
Sharath Kamal Achanta,M,Table Tennis,Men's singles,2016,Rio,0.0,0.0,0.0
Soumyajit Ghosh,M,Table Tennis,Men's singles,2016,Rio,0.0,0.0,0.0
Manika Batra,W,Table Tennis,Women's singles,2016,Rio,0.0,0.0,0.0
Mouma Das,W,Table Tennis,Women's singles,2016,Rio,0.0,0.0,0.0
Sajan Prakash,M,Swimming,Men's 200M Butterfly,2016,Rio,0.0,0.0,0.0
Shivani Kataria,W,Swimming,Women's 200M Freestyle,2016,Rio,0.0,0.0,0.0
Abhinav Bindra,M,Shooting,"Men's Air Rifle, 10M",2016,Rio,0.0,0.0,0.0
Kynan Chenai,M,Shooting,Men's Trap,2016,Rio,0.0,0.0,0.0
Mairaj Ahmad Khan,M,Shooting,Mens Skeet,2016,Rio,0.0,0.0,0.0
Prakash Nanjappa,M,Shooting,"Men's Free Pistol, 50M",2016,Rio,0.0,0.0,0.0
Gagan Narang,M,Shooting,"Men's Air Rifle, 10M,Men's Small-Bore Rifle, Prone, 50M,Men's Small-Bore Rifle, Three Positions, 50M",2016,Rio,0.0,0.0,0.0
Jitu Rai,M,Shooting,"Men's Air Pistol, 10M,Men's Free Pistol, 50M",2016,Rio,0.0,0.0,0.0
Chain Singh,M,Shooting,"Men's Small-Bore Rifle, Prone, 50M,Men's Small-Bore Rifle, Three Positions, 50M",2016,Rio,0.0,0.0,0.0
Gurpreet Singh,M,Shooting,"Men's Air Pistol, 10M,Men's Rapid-Fire Pistol, 25M",2016,Rio,0.0,0.0,0.0
Manavjit Singh Sandhu,M,Shooting,Men's Trap,2016,Rio,0.0,0.0,0.0
Apurvi Chandela,W,Shooting,"Women's Air Rifle, 10M",2016,Rio,0.0,0.0,0.0
Ayonika Paul,W,Shooting,"Women's Air Rifle, 10M",2016,Rio,0.0,0.0,0.0
Heena Sidhu,W,Shooting,"Women's Air Pistol, 10M,Women's Sporting Pistol, 25M",2016,Rio,0.0,0.0,0.0
Dattu Baban Bhokanal,M,Rowing,Men's Single Sculls,2016,Rio,0.0,0.0,0.0
Avtar Singh,M,Judo,Men's Middleweight,2016,Rio,0.0,0.0,0.0
Harmanpreet Singh,M,Hockey,Mens Hockey,2016,Rio,0.0,0.0,0.0
Rupinder Pal Singh,M,Hockey,Mens Hockey,2016,Rio,0.0,0.0,0.0
Kothajit Singh,M,Hockey,Mens Hockey,2016,Rio,0.0,0.0,0.0
Surender Kumar,M,Hockey,Mens Hockey,2016,Rio,0.0,0.0,0.0
Manpreet Singh,M,Hockey,Mens Hockey,2016,Rio,0.0,0.0,0.0
Sardara Singh,M,Hockey,Mens Hockey,2016,Rio,0.0,0.0,0.0
V. R. Raghunath,M,Hockey,Mens Hockey,2016,Rio,0.0,0.0,0.0
S. K. Uthappa,M,Hockey,Mens Hockey,2016,Rio,0.0,0.0,0.0
P. R. Shreejesh,M,Hockey,Mens Hockey,2016,Rio,0.0,0.0,0.0
Danish Mujtaba,M,Hockey,Mens Hockey,2016,Rio,0.0,0.0,0.0
Devinder Walmiki,M,Hockey,Mens Hockey,2016,Rio,0.0,0.0,0.0
S. V. Sunil,M,Hockey,Mens Hockey,2016,Rio,0.0,0.0,0.0
Akashdeep Singh,M,Hockey,Mens Hockey,2016,Rio,0.0,0.0,0.0
Chinglensana Singh,M,Hockey,Mens Hockey,2016,Rio,0.0,0.0,0.0
Ramandeep Singh,M,Hockey,Mens Hockey,2016,Rio,0.0,0.0,0.0
Nikkin Thimmaiah,M,Hockey,Mens Hockey,2016,Rio,0.0,0.0,0.0
Vikas Dahiya,M,Hockey,Mens Hockey,2016,Rio,0.0,0.0,0.0
Pardeep Mor,M,Hockey,Mens Hockey,2016,Rio,0.0,0.0,0.0
Navjot Kaur,W,Hockey,Womens Hockey,2016,Rio,0.0,0.0,0.0
Deep Grace Ekka,W,Hockey,Womens Hockey,2016,Rio,0.0,0.0,0.0
Monika Malik,W,Hockey,Womens Hockey,2016,Rio,0.0,0.0,0.0
Nikki Pradhan,W,Hockey,Womens Hockey,2016,Rio,0.0,0.0,0.0
Anuradha Devi,W,Hockey,Womens Hockey,2016,Rio,0.0,0.0,0.0
Savita Punia,W,Hockey,Womens Hockey,2016,Rio,0.0,0.0,0.0
Poonam Rani,W,Hockey,Womens Hockey,2016,Rio,0.0,0.0,0.0
Vandana Kataria,W,Hockey,Womens Hockey,2016,Rio,0.0,0.0,0.0
Deepika Thakur,W,Hockey,Womens Hockey,2016,Rio,0.0,0.0,0.0
Namita Toppo,W,Hockey,Womens Hockey,2016,Rio,0.0,0.0,0.0
Renuka Yadav,W,Hockey,Womens Hockey,2016,Rio,0.0,0.0,0.0
Sunita Lakra,W,Hockey,Womens Hockey,2016,Rio,0.0,0.0,0.0
Sushila Chanu,W,Hockey,Womens Hockey,2016,Rio,0.0,0.0,0.0
Rani Rampal,W,Hockey,Womens Hockey,2016,Rio,0.0,0.0,0.0
Preeti Dubey,W,Hockey,Womens Hockey,2016,Rio,0.0,0.0,0.0
Lilima Minz,W,Hockey,Womens Hockey,2016,Rio,0.0,0.0,0.0
Rajani Etimarpu,W,Hockey,Womens Hockey,2016,Rio,0.0,0.0,0.0
Dipa Karmakar,W,Gymnastics,"Women's Individual All-Around,Women's Floor Exercise,Women's Horse Vault,Women's Uneven Bars,Women's Balance Beam",2016,Rio,0.0,0.0,0.0
Shiv Chawrasia,M,Golf,Men's Individual,2016,Rio,0.0,0.0,0.0
Anirban Lahiri,M,Golf,Men's Individual,2016,Rio,0.0,0.0,0.0
Aditi Ashok,W,Golf,Women's Individual,2016,Rio,0.0,0.0,0.0
Shiva Thapa,M,Boxing,Men's Bantamweight,2016,Rio,0.0,0.0,0.0
Manoj Kumar,M,Boxing,Men's Light Welterweight,2016,Rio,0.0,0.0,0.0
Vikas Krishan Yadav,M,Boxing,Men's Middleweight,2016,Rio,0.0,0.0,0.0
Pv Sindhu,W,Badminton,Women's Singles,2016,Rio,0.0,1.0,0.0
Srikanth Kidambi,M,Badminton,Mens Singles,2016,Rio,0.0,0.0,0.0
Manu Attri,M,Badminton,Mens Doubles,2016,Rio,0.0,0.0,0.0
Saina Nehwal,W,Badminton,Womens Singles,2016,Rio,0.0,0.0,0.0
Jwala Gutta,W,Badminton,Womens Doubles,2016,Rio,0.0,0.0,0.0
Ashwini Ponnappa,W,Badminton,Womens Doubles,2016,Rio,0.0,0.0,0.0
B. Sumeeth Reddy,M,Badminton,Mens Doubles,2016,Rio,0.0,0.0,0.0
Muhammad Anas,M,Athletics,Mens 400M,2016,Rio,0.0,0.0,0.0
Jinson Johnson,M,Athletics,Mens 800M,2016,Rio,0.0,0.0,0.0
Thonakal Gopi,M,Athletics,Mens Marathon,2016,Rio,0.0,0.0,0.0
Kheta Ram,M,Athletics,Mens Marathon,2016,Rio,0.0,0.0,0.0
Nitendra Singh Rawat,M,Athletics,Mens Marathon,2016,Rio,0.0,0.0,0.0
Ganapathi Krishnan,M,Athletics,Men's 20KM Walk,2016,Rio,0.0,0.0,0.0
Manish Singh,M,Athletics,Men's 20KM Walk,2016,Rio,0.0,0.0,0.0
Gurmeet Singh,M,Athletics,Men's 20KM Walk,2016,Rio,0.0,0.0,0.0
Sandeep Kumar,M,Athletics,Mens 50KM Walk,2016,Rio,0.0,0.0,0.0
Ankit Sharma,M,Athletics,Long jump,2016,Rio,0.0,0.0,0.0
Renjith Maheshwary,M,Athletics,Mens Triple jump,2016,Rio,0.0,0.0,0.0
Vikas Gowda,M,Athletics,Mens Discus throw,2016,Rio,0.0,0.0,0.0
Dutee Chand,W,Athletics,Womens 100M,2016,Rio,0.0,0.0,0.0
Srabani Nanda,W,Athletics,Womens 200M,2016,Rio,0.0,0.0,0.0
Nirmala Sheoran,W,Athletics,Womens 400M,2016,Rio,0.0,0.0,0.0
Tintu Lukka,W,Athletics,Womens 800M,2016,Rio,0.0,0.0,0.0
Lalita Babar,W,Athletics,Womens 3000M Steeplechase,2016,Rio,0.0,0.0,0.0
Sudha Singh,W,Athletics,Womens 3000M Steeplechase,2016,Rio,0.0,0.0,0.0
O. P. Jaisha,W,Athletics,Women's Marathon,2016,Rio,0.0,0.0,0.0
Kavita Raut,W,Athletics,Women's Marathon,2016,Rio,0.0,0.0,0.0
Khushbir Kaur,W,Athletics,Womens 20KM Walk,2016,Rio,0.0,0.0,0.0
Sapna Punia,W,Athletics,Womens 20KM Walk,2016,Rio,0.0,0.0,0.0
Manpreet Kaur,W,Athletics,Womens Shot Put,2016,Rio,0.0,0.0,0.0
Seema Antil,W,Athletics,Womens Discus Throw,2016,Rio,0.0,0.0,0.0
Ashwini Akkunji,W,Athletics,Womens 4 × 400M Relay,2016,Rio,0.0,0.0,0.0
Tintu Lukka,W,Athletics,Womens 4 × 400M Relay,2016,Rio,0.0,0.0,0.0
Jisna Mathew,W,Athletics,Womens 4 × 400M Relay,2016,Rio,0.0,0.0,0.0
Debashree Mazumdar,W,Athletics,Womens 4 × 400M Relay,2016,Rio,0.0,0.0,0.0
M. R. Poovamma,W,Athletics,Womens 4 × 400M Relay,2016,Rio,0.0,0.0,0.0
Nirmala Sheoran,W,Athletics,Womens 4 × 400M Relay,2016,Rio,0.0,0.0,0.0
Anilda Thomas,W,Athletics,Womens 4 × 400M Relay,2016,Rio,0.0,0.0,0.0
Atanu Das,M,Archery,Men's Individual,2016,Rio,0.0,0.0,0.0
Bombayla Devi,W,Archery,Women's Individual,2016,Rio,0.0,0.0,0.0
Deepika Kumari,W,Archery,Women's Individual,2016,Rio,0.0,0.0,0.0
Laxmirani Majhi,W,Archery,Women's Individual,2016,Rio,0.0,0.0,0.0
Ravi Dahiya,M,Wrestling,57kg Freestyle,2020,Tokyo,0.0,1.0,0.0
Bajrang Punia,M,Wrestling,65kg Freestyle,2020,Tokyo,0.0,0.0,1.0
Deepak Punia,M,Wrestling,86kg Freestyle,2020,Tokyo,0.0,0.0,0.0
Vinesh Phogat,W,Wrestling,53kg Freestyle,2020,Tokyo,0.0,0.0,0.0
Anshu Malik,W,Wrestling,57kg Freestyle,2020,Tokyo,0.0,0.0,0.0
Sonam Malik,W,Wrestling,62kg Freestyle,2020,Tokyo,0.0,0.0,0.0
Seema Bisla,W,Wrestling,50kg Freestyle,2020,Tokyo,0.0,0.0,0.0
Saikhom Mirabai Chanu,W,Weightlifting,Women's 48kg,2020,Tokyo,0.0,0.0,0.0
Saikhom Mirabai Chanu,W,Weightlifting,Womens Hockey,2020,Tokyo,0.0,1.0,0.0
Sania Mirza,W,Tennis,Women's Doubles,2020,Tokyo,0.0,0.0,0.0
Ankita Raina,W,Tennis,Women's Doubles,2020,Tokyo,0.0,0.0,0.0
Sumit Nagal,M,Tennis,Men's Singles,2020,Tokyo,0.0,0.0,0.0
Achanta Sharath Kamal,M,Table Tennis,"Men's Singles, Mixed Doubles",2020,Tokyo,0.0,0.0,0.0
Sathiyan Gnanasekaran,M,Table Tennis,Men's Singles,2020,Tokyo,0.0,0.0,0.0
Manika Batra,W,Table Tennis,"Women's Singles, Mixed Doubles",2020,Tokyo,0.0,0.0,0.0
Sutirtha Mukherjee,W,Table Tennis,Women's Singles,2020,Tokyo,0.0,0.0,0.0
Sajan Prakash,M,Swimming,200m Butterfly,2020,Tokyo,0.0,0.0,0.0
Srihari Nataraj,M,Swimming,100m Backstroke,2020,Tokyo,0.0,0.0,0.0
Maana Patel,W,Swimming,100m Backstroke,2020,Tokyo,0.0,0.0,0.0
Anjum Moudgil,W,Shooting,50m Rifle 3-position,2020,Tokyo,0.0,0.0,0.0
Tejaswini Sawant,W,Shooting,50m Rifle 3-position,2020,Tokyo,0.0,0.0,0.0
Apurvi Chandela,W,Shooting,10m Air Rifle,2020,Tokyo,0.0,0.0,0.0
Elavenil Valarivan,W,Shooting,10m Air Rifle,2020,Tokyo,0.0,0.0,0.0
Manu Bhaker,W,Shooting,"10m Air Pistol, 25m Pistol",2020,Tokyo,0.0,0.0,0.0
Yashaswini Deswal,W,Shooting,10m Air Pistol,2020,Tokyo,0.0,0.0,0.0
Rahi Sarnobat,W,Shooting,25m Pistol,2020,Tokyo,0.0,0.0,0.0
Divyansh Panwar,M,Shooting,10m Air Rifle,2020,Tokyo,0.0,0.0,0.0
Sanjeev Rajput,M,Shooting,50m Rifle 3-position,2020,Tokyo,0.0,0.0,0.0
Aishwary Pratap Singh Tomar,M,Shooting,50m Rifle 3-position,2020,Tokyo,0.0,0.0,0.0
Saurabh Chaudhary,M,Shooting,10m Air Pistol,2020,Tokyo,0.0,0.0,0.0
Abhishek Verma,M,Shooting,10m Air Pistol,2020,Tokyo,0.0,0.0,0.0
Deepak Kumar,M,Shooting,10m Air Rifle,2020,Tokyo,0.0,0.0,0.0
Angad Veer Singh Bajwa,M,Shooting,Men's Skeet,2020,Tokyo,0.0,0.0,0.0
Mairaj Ahmad Khan,M,Shooting,Men's Skeet,2020,Tokyo,0.0,0.0,0.0
Nethra Kumanan,W,Sailing,Women's Laser Radial,2020,Tokyo,0.0,0.0,0.0
Vishnu Saravanan,M,Sailing,Men's Laser Standard,2020,Tokyo,0.0,0.0,0.0
Kc Ganapathy,M,Sailing,Men's Skiff 49er,2020,Tokyo,0.0,0.0,0.0
Varun Thakkar,M,Sailing,Men's Skiff 49er,2020,Tokyo,0.0,0.0,0.0
Arjun Lal Jat,M,Rowing,Lightweight Double Sculls,2020,Tokyo,0.0,0.0,0.0
Arvind Singh,M,Rowing,Lightweight Double Sculls,2020,Tokyo,0.0,0.0,0.0
Sushila Devi,W,Judo,Women's Individual,2020,Tokyo,0.0,0.0,0.0
Sreejesh Parattu Raveendran,M,Hockey,Men's Team,2020,Tokyo,0.0,0.0,0.0
Harmanpreet Singh,M,Hockey,Men's Team,2020,Tokyo,0.0,0.0,1.0
Jarmanpreet Singh,M,Hockey,Men's Team,2020,Tokyo,0.0,0.0,0.0
Hardik Singh,M,Hockey,Men's Team,2020,Tokyo,0.0,0.0,0.0
Vivek Sagar Prasad,M,Hockey,Men's Team,2020,Tokyo,0.0,0.0,0.0
Mandeep Singh,M,Hockey,Men's Team,2020,Tokyo,0.0,0.0,0.0
Shamsher Singh,M,Hockey,Men's Team,2020,Tokyo,0.0,0.0,0.0
Abhishek,M,Hockey,Men's Team,2020,Tokyo,0.0,0.0,0.0
Lalit Kumar Upadhyay,M,Hockey,Men's Team,2020,Tokyo,0.0,0.0,0.0
Raj Kumar Pal,M,Hockey,Men's Team,2020,Tokyo,0.0,0.0,0.0
Sukhjeet Singh,M,Hockey,Men's Team,2020,Tokyo,0.0,0.0,0.0
Amit Rohidas,M,Hockey,Men's Team,2020,Tokyo,0.0,0.0,0.0
Gurjant Singh,M,Hockey,Men's Team,2020,Tokyo,0.0,0.0,0.0
Manpreet Singh,M,Hockey,Men's Team,2020,Tokyo,0.0,0.0,0.0
Nilakanta Sharma,M,Hockey,Men's Team ,2020,Tokyo,0.0,0.0,0.0
Krishan Bahadur Pathak,M,Hockey,Men's Team ,2020,Tokyo,0.0,0.0,0.0
Jugraj Singh,M,Hockey,Men's Team ,2020,Tokyo,0.0,0.0,0.0
Vandana Katariya,W,Hockey,Womens Hockey,2020,Tokyo,0.0,0.0,0.0
Udita Duhan,W,Hockey,Womens Hockey,2020,Tokyo,0.0,0.0,0.0
Sushila Chanu,W,Hockey,Womens Hockey,2020,Tokyo,0.0,0.0,0.0
Sharmila Devi,W,Hockey,Womens Hockey,2020,Tokyo,0.0,0.0,0.0
Savita Punia,W,Hockey,Womens Hockey,2020,Tokyo,0.0,0.0,0.0
Salima Tete,W,Hockey,Womens Hockey,2020,Tokyo,0.0,0.0,0.0
Rani Rampal,W,Hockey,Womens Hockey,2020,Tokyo,0.0,0.0,0.0
Nisha Warsi,W,Hockey,Womens Hockey,2020,Tokyo,0.0,0.0,0.0
Nikki Pradhan,W,Hockey,Womens Hockey,2020,Tokyo,0.0,0.0,0.0
Neha Goyal,W,Hockey,Womens Hockey,2020,Tokyo,0.0,0.0,0.0
Navneet Kaur,W,Hockey,Womens Hockey,2020,Tokyo,0.0,0.0,0.0
Navjot Kaur,W,Hockey,Womens Hockey,2020,Tokyo,0.0,0.0,0.0
Monika Malik,W,Hockey,Womens Hockey,2020,Tokyo,0.0,0.0,0.0
Lalremsiami,W,Hockey,Womens Hockey,2020,Tokyo,0.0,0.0,0.0
Gurjit Kaur,W,Hockey,Womens Hockey,2020,Tokyo,0.0,0.0,0.0
Deep Grace Ekka,W,Hockey,Womens Hockey,2020,Tokyo,0.0,0.0,0.0
Pranati Nayak,W,Gymnastics,Women's Artistic,2020,Tokyo,0.0,0.0,0.0
Anirban Lahiri,M,Golf,Men's Individual,2020,Tokyo,0.0,0.0,0.0
Aditi Ashok,W,Golf,Women's Individual,2020,Tokyo,0.0,0.0,0.0
Udayan Mane,M,Golf,Men's Individual,2020,Tokyo,0.0,0.0,0.0
Bhavani Devi,W,Fencing,Women's Sabre,2020,Tokyo,0.0,0.0,0.0
Fouaad Mirza,M,Equestrian,Individual Eventing,2020,Tokyo,0.0,0.0,0.0
Satish Kumar,M,Boxing,91+kg,2020,Tokyo,0.0,0.0,0.0
Ashish Kumar,M,Boxing,75kg,2020,Tokyo,0.0,0.0,0.0
Lovlina Borgohain,W,Boxing,69kg,2020,Tokyo,0.0,0.0,1.0
Vikas Krishan,M,Boxing,69kg,2020,Tokyo,0.0,0.0,0.0
Pooja Rani,W,Boxing,75kg,2020,Tokyo,0.0,0.0,0.0
Amit Panghal,M,Boxing,52kg,2020,Tokyo,0.0,0.0,0.0
Mary Kom,W,Boxing,51kg,2020,Tokyo,0.0,0.0,0.0
Simranjit Kaur,W,Boxing,60kg,2020,Tokyo,0.0,0.0,0.0
Manish Kaushik,M,Boxing,63kg,2020,Tokyo,0.0,0.0,0.0
Pv Sindhu,W,Badminton,Women's Singles,2020,Tokyo,0.0,0.0,1.0
B Sai Praneeth,M,Badminton,Men's Singles,2020,Tokyo,0.0,0.0,0.0
Satwiksairaj Rankireddy,M,Badminton,Men's Doubles,2020,Tokyo,0.0,0.0,0.0
Chirag Shetty,M,Badminton,Men's Doubles,2020,Tokyo,0.0,0.0,0.0
Neeraj Chopra,M,Athletics,Javelin Throw,2020,Tokyo,1.0,0.0,0.0
Shivpal Singh,M,Athletics,Javelin Throw,2020,Tokyo,0.0,0.0,0.0
Bhawna Jat,W,Athletics,20km Race Walk,2020,Tokyo,0.0,0.0,0.0
Kt Irfan Thodi,M,Athletics,20km Race Walk,2020,Tokyo,0.0,0.0,0.0
Gurpreet Singh,M,Athletics,50km Race Walk,2020,Tokyo,0.0,0.0,0.0
Avinash Sable,M,Athletics,3000m Steeplechase,2020,Tokyo,0.0,0.0,0.0
Sandeep Kumar,M,Athletics,20km Race Walk,2020,Tokyo,0.0,0.0,0.0
Priyanka Goswami,W,Athletics,20km Race Walk,2020,Tokyo,0.0,0.0,0.0
Rahul Rohilla,M,Athletics,20km Race Walk,2020,Tokyo,0.0,0.0,0.0
M Sreeshankar,M,Athletics,Long Jump,2020,Tokyo,0.0,0.0,0.0
Kamalpreet Kaur,W,Athletics,Discus Throw,2020,Tokyo,0.0,0.0,0.0
Tajinderpal Singh Toor,M,Athletics,Shot Put,2020,Tokyo,0.0,0.0,0.0
Seema Punia,W,Athletics,Discus Throw,2020,Tokyo,0.0,0.0,0.0
Dutee Chand,W,Athletics,"100m, 200m",2020,Tokyo,0.0,0.0,0.0
Mp Jabir,M,Athletics,400m Hurdles,2020,Tokyo,0.0,0.0,0.0
Annu Rani,W,Athletics,Javelin Throw,2020,Tokyo,0.0,0.0,0.0
Amol Jacob,M,Athletics,4x400m Relay,2020,Tokyo,0.0,0.0,0.0
Rajiv Arokia,M,Athletics,4x400m Relay,2020,Tokyo,0.0,0.0,0.0
Muhammaed Anas,M,Athletics,4x400m Relay,2020,Tokyo,0.0,0.0,0.0
Naganathan Pandi,M,Athletics,4x400m Relay,2020,Tokyo,0.0,0.0,0.0
Noah Nirmal Tom,M,Athletics,4x400m Relay,2020,Tokyo,0.0,0.0,0.0
Sarthak Bhambri,M,Athletics,Mixed 4x400m Relay,2020,Tokyo,0.0,0.0,0.0
Alex Antony,M,Athletics,Mixed 4x400m Relay,2020,Tokyo,0.0,0.0,0.0
Revathi Veeramani,W,Athletics,Mixed 4x400m Relay,2020,Tokyo,0.0,0.0,0.0
Subha Venkatesan,W,Athletics,Mixed 4x400m Relay,2020,Tokyo,0.0,0.0,0.0
Dhanlakshmi Sekhar,W,Athletics,Mixed 4x400m Relay,2020,Tokyo,0.0,0.0,0.0
Tarundeep Rai,M,Archery,Men's Recurve Individual & Team,2020,Tokyo,0.0,0.0,0.0
Atanu Das,M,Archery,Men's Recurve Individual & Team,2020,Tokyo,0.0,0.0,0.0
Pravin Jadhav,M,Archery,Men's Recurve Individual & Team,2020,Tokyo,0.0,0.0,0.0
Deepika Kumari,W,Archery,Women's Recurve Individual,2020,Tokyo,0.0,0.0,0.0
Aman,M,Wrestling,57kg,2024,Paris,0.0,0.0,1.0
Vinesh Phogat,W,Wrestling,50kg,2024,Paris,0.0,0.0,0.0
Antim Panghal,W,Wrestling,53kg,2024,Paris,0.0,0.0,0.0
Anshu,W,Wrestling,57kg,2024,Paris,0.0,0.0,0.0
Nisha,W,Wrestling,68kg,2024,Paris,0.0,0.0,0.0
Reetika,W,Wrestling,76kg,2024,Paris,0.0,0.0,0.0
Saikhom Mirabai Chanu,W,Weightlifting,49kg,2024,Paris,0.0,0.0,0.0
Rohan Bopanna,M,Tennis,Doubles,2024,Paris,0.0,0.0,0.0
Sumit Nagal,M,Tennis,Singles,2024,Paris,0.0,0.0,0.0
Sriram Balaji Narayanaswamy,M,Tennis,Doubles,2024,Paris,0.0,0.0,0.0
Manika Batra,W,Table Tennis,Singles ,2024,Paris,0.0,0.0,0.0
Sreeja Akula,W,Table Tennis,Singles ,2024,Paris,0.0,0.0,0.0
Archana Girish Kamath,W,Table Tennis,Singles ,2024,Paris,0.0,0.0,0.0
Ayhika Mukherjee,W,Table Tennis,Singles ,2024,Paris,0.0,0.0,0.0
Sharath Kamal Achanta,M,Table Tennis,Singles ,2024,Paris,0.0,0.0,0.0
Harmeet Desai,M,Table Tennis,Singles,2024,Paris,0.0,0.0,0.0
Manav Vikash Thakkar,M,Table Tennis,Singles ,2024,Paris,0.0,0.0,0.0
Sathiyan Gnanasekaran,M,Table Tennis,Singles ,2024,Paris,0.0,0.0,0.0
Srihari Nataraj,M,Swimming,100m Backstroke,2024,Paris,0.0,0.0,0.0
Sarabjot Singh,M,Shooting,10m Air Pistol,2024,Paris,0.0,0.0,1.0
Arjun Singh Cheema,M,Shooting,10m Air Pistol,2024,Paris,0.0,0.0,0.0
Arjun Babuta,M,Shooting,10m Air Rifle,2024,Paris,0.0,0.0,0.0
Sandeep Singh,M,Shooting,10m Air Rifle,2024,Paris,0.0,0.0,0.0
Aishwary Pratap Tomar,M,Shooting,50m Rifle 3P,2024,Paris,0.0,0.0,0.0
Swapnil Kusale,M,Shooting,50m Rifle 3P,2024,Paris,0.0,0.0,0.0
Anish,M,Shooting,25m Rapid Fire,2024,Paris,0.0,0.0,0.0
Vijayveer Sidhu,M,Shooting,25m Rapid Fire,2024,Paris,0.0,0.0,0.0
Anantjeet Singh Naruka,M,Shooting,Skeet,2024,Paris,0.0,0.0,0.0
Prithviraj Tondaiman,M,Shooting,Trap,2024,Paris,0.0,0.0,0.0
Manu Bhaker,W,Shooting,"25m Pistol, 10m Air Pistol",2024,Paris,0.0,0.0,2.0
Esha Singh,W,Shooting,25m Pistol,2024,Paris,0.0,0.0,0.0
Rajeshwari Kumari,W,Shooting,Trap,2024,Paris,0.0,0.0,0.0
Shreyasi Singh,W,Shooting,Trap,2024,Paris,0.0,0.0,0.0
Elavenil Valarivan,W,Shooting,10m Air Rifle,2024,Paris,0.0,0.0,0.0
Ramita,W,Shooting,10m Air Rifle,2024,Paris,0.0,0.0,0.0
Sift Kaur Samra,W,Shooting,50m Rifle 3P,2024,Paris,0.0,0.0,0.0
Anjum Moudgil,W,Shooting,50m Rifle 3P,2024,Paris,0.0,0.0,0.0
Raiza Dhillon,W,Shooting,Skeet,2024,Paris,0.0,0.0,0.0
Maheshwari Chauhan,W,Shooting,Skeet,2024,Paris,0.0,0.0,0.0
Rhythm Sangwan,W,Shooting,10m Air Pistol,2024,Paris,0.0,0.0,0.0
Vishnu Saravanan,M,Sailing,Mens Dinghy,2024,Paris,0.0,0.0,0.0
Nethra Kumanan,W,Sailing,Womens Dinghy,2024,Paris,0.0,0.0,0.0
Balraj Panwar,M,Rowing,Single Sculls,2024,Paris,0.0,0.0,0.0
Tulika Maan,W,Judo,+78kg,2024,Paris,0.0,0.0,0.0
Sreejesh Parattu Raveendran,M,Hockey,Mens Team,2024,Paris,0.0,0.0,0.0
Harmanpreet Singh,M,Hockey,Mens Team,2024,Paris,0.0,0.0,1.0
Jarmanpreet Singh,M,Hockey,Mens Team,2024,Paris,0.0,0.0,0.0
Hardik Singh,M,Hockey,Mens Team,2024,Paris,0.0,0.0,0.0
Vivek Sagar Prasad,M,Hockey,Mens Team,2024,Paris,0.0,0.0,0.0
Mandeep Singh,M,Hockey,Mens Team,2024,Paris,0.0,0.0,0.0
Shamsher Singh,M,Hockey,Mens Team,2024,Paris,0.0,0.0,0.0
Abhishek,M,Hockey,Mens Team,2024,Paris,0.0,0.0,0.0
Lalit Kumar Upadhyay,M,Hockey,Mens Team,2024,Paris,0.0,0.0,0.0
Raj Kumar Pal,M,Hockey,Mens Team,2024,Paris,0.0,0.0,0.0
Sukhjeet Singh,M,Hockey,Mens Team,2024,Paris,0.0,0.0,0.0
Amit Rohidas,M,Hockey,Mens Team,2024,Paris,0.0,0.0,0.0
Gurjant Singh,M,Hockey,Mens Team,2024,Paris,0.0,0.0,0.0
Manpreet Singh,M,Hockey,Mens Team,2024,Paris,0.0,0.0,0.0
Sanjay,M,Hockey,Mens Team,2024,Paris,0.0,0.0,0.0
Sumit,M,Hockey,Mens Team,2024,Paris,0.0,0.0,0.0
Shubhankar Sharma,M,Golf,Individual,2024,Paris,0.0,0.0,0.0
Gaganjeet Bhullar,M,Golf,Individual,2024,Paris,0.0,0.0,0.0
Aditi Ashok,W,Golf,Individual,2024,Paris,0.0,0.0,0.0
Diksha Dagar,W,Golf,Individual,2024,Paris,0.0,0.0,0.0
Anush Agarwalla,M,Equestrian,Dressage,2024,Paris,0.0,0.0,0.0
Amit Panghal,M,Boxing,51kg,2024,Paris,0.0,0.0,0.0
Nishant Dev,M,Boxing,71kg,2024,Paris,0.0,0.0,0.0
Nikhat Zareen,W,Boxing,50kg,2024,Paris,0.0,0.0,0.0
Preeti,W,Boxing,54kg,2024,Paris,0.0,0.0,0.0
Jaismine,W,Boxing,57kg,2024,Paris,0.0,0.0,0.0
H. S. Prannoy,M,Badminton,Singles,2024,Paris,0.0,0.0,0.0
Lakshya Sen,M,Badminton,Singles,2024,Paris,0.0,0.0,0.0
Satwiksairaj,M,Badminton,Doubles,2024,Paris,0.0,0.0,0.0
Chirag Shetty,M,Badminton,Doubles,2024,Paris,0.0,0.0,0.0
P. V. Sindhu,W,Badminton,Singles,2024,Paris,0.0,0.0,0.0
Tanisha Crasto & Ashwini P.,W,Badminton,Doubles,2024,Paris,0.0,0.0,0.0
Ashwini Ponnappa,W,Badminton,Womens Doubles,2024,Paris,0.0,0.0,0.0
Sarvesh Anil Kushare,M,Athletics,High Jump,2024,Paris,0.0,0.0,0.0
Suraj Panwar,M,Athletics,Marathon RW Mixed Relay,2024,Paris,0.0,0.0,0.0
Akshdeep Singh,M,Athletics,20km Race Walk,2024,Paris,0.0,0.0,0.0
Kishore Jena,M,Athletics,Javelin Throw,2024,Paris,0.0,0.0,0.0
Neeraj Chopra,M,Athletics,Javelin Throw,2024,Paris,0.0,1.0,0.0
Muhammed Ajmal Variyathodi,M,Athletics,4x400m Relay,2024,Paris,0.0,0.0,0.0
Santhosh Kumar Tamilarasan,M,Athletics,4x400m Relay,2024,Paris,0.0,0.0,0.0
Rajesh Ramesh,M,Athletics,4x400m Relay,2024,Paris,0.0,0.0,0.0
Amoj Jacob,M,Athletics,4x400m Relay,2024,Paris,0.0,0.0,0.0
Avinash Mukund Sable,M,Athletics,3000m Steeplechase,2024,Paris,0.0,0.0,0.0
Muhammed Anas Yahiya,M,Athletics,4x400m Relay,2024,Paris,0.0,0.0,0.0
Tajinderpal Singh Toor,M,Athletics,Shot Put,2024,Paris,0.0,0.0,0.0
Abdulla Narangolintevida,M,Athletics,Triple Jump,2024,Paris,0.0,0.0,0.0
Praveen Chithravel,M,Athletics,Triple Jump,2024,Paris,0.0,0.0,0.0
Jeswin Aldrin,M,Athletics,Long Jump,2024,Paris,0.0,0.0,0.0
Vikas Singh,M,Athletics,20km Race Walk,2024,Paris,0.0,0.0,0.0
Paramjeet Singh Bisht,M,Athletics,20km Race Walk,2024,Paris,0.0,0.0,0.0
Annu Rani,W,Athletics,Javelin Throw,2024,Paris,0.0,0.0,0.0
Parul Chaudhary,W,Athletics,5000m,2024,Paris,0.0,0.0,0.0
Pahal Kiran,W,Athletics,"400m, 4x400m Relay",2024,Paris,0.0,0.0,0.0
Jyothi Yarraji,W,Athletics,100m Hurdles,2024,Paris,0.0,0.0,0.0
Ankita,W,Athletics,5000m,2024,Paris,0.0,0.0,0.0
Priyanka,W,Athletics,20km Race Walk,2024,Paris,0.0,0.0,0.0
Jyothika Sri Dandi,W,Athletics,4x400m Relay,2024,Paris,0.0,0.0,0.0
Poovamma Raju Machettira,W,Athletics,4x400m Relay,2024,Paris,0.0,0.0,0.0
Subha Venkatesan,W,Athletics,4x400m Relay,2024,Paris,0.0,0.0,0.0
Vithya Ramraj,W,Athletics,4x400m Relay,2024,Paris,0.0,0.0,0.0
Dhiraj Bommadevara,M,Archery,Individual,2024,Paris,0.0,0.0,0.0
Tarundeep Rai,M,Archery,Individual,2024,Paris,0.0,0.0,0.0
Pravin Ramesh Jadhav,M,Archery,Individual,2024,Paris,0.0,0.0,0.0
Deepika Kumari,W,Archery,Individual,2024,Paris,0.0,0.0,0.0
Bhajan Kaur,W,Archery,Individual,2024,Paris,0.0,0.0,0.0
Ankita Bhakat,W,Archery,Individual,2024,Paris,0.0,0.0,0.0
